<?xml version="1.0"?>
<?mso-application progid="Excel.Sheet"?>
<Workbook xmlns="urn:schemas-microsoft-com:office:spreadsheet"
 xmlns:o="urn:schemas-microsoft-com:office:office"
 xmlns:x="urn:schemas-microsoft-com:office:excel"
 xmlns:ss="urn:schemas-microsoft-com:office:spreadsheet"
 xmlns:html="http://www.w3.org/TR/REC-html40">
 <DocumentProperties xmlns="urn:schemas-microsoft-com:office:office">
  <Author>floh</Author>
  <LastAuthor>martin_mlostek</LastAuthor>
  <Created>2004-06-29T09:20:46Z</Created>
  <LastSaved>2009-02-26T14:18:07Z</LastSaved>
  <Company>Graceland</Company>
  <Version>12.00</Version>
 </DocumentProperties>
 <OfficeDocumentSettings xmlns="urn:schemas-microsoft-com:office:office">
  <DownloadComponents/>
  <LocationOfComponents HRef="file:///D:\"/>
 </OfficeDocumentSettings>
 <ExcelWorkbook xmlns="urn:schemas-microsoft-com:office:excel">
  <WindowHeight>12420</WindowHeight>
  <WindowWidth>18540</WindowWidth>
  <WindowTopX>-15</WindowTopX>
  <WindowTopY>-15</WindowTopY>
  <TabRatio>598</TabRatio>
  <RefModeR1C1/>
  <ProtectStructure>False</ProtectStructure>
  <ProtectWindows>False</ProtectWindows>
 </ExcelWorkbook>
 <Styles>
  <Style ss:ID="Default" ss:Name="Normal">
   <Alignment ss:Vertical="Bottom"/>
   <Borders/>
   <Font ss:FontName="Arial" x:Family="Swiss"/>
   <Interior/>
   <NumberFormat/>
   <Protection/>
  </Style>
  <Style ss:ID="s62">
   <Borders/>
   <NumberFormat ss:Format="@"/>
  </Style>
  <Style ss:ID="s63">
   <Borders>
    <Border ss:Position="Left" ss:LineStyle="Continuous" ss:Weight="2"/>
    <Border ss:Position="Right" ss:LineStyle="Continuous" ss:Weight="1"/>
   </Borders>
   <NumberFormat ss:Format="@"/>
  </Style>
  <Style ss:ID="s64">
   <Borders>
    <Border ss:Position="Left" ss:LineStyle="Continuous" ss:Weight="1"/>
    <Border ss:Position="Right" ss:LineStyle="Continuous" ss:Weight="1"/>
   </Borders>
   <NumberFormat ss:Format="@"/>
  </Style>
  <Style ss:ID="s65">
   <Borders>
    <Border ss:Position="Left" ss:LineStyle="Continuous" ss:Weight="1"/>
    <Border ss:Position="Right" ss:LineStyle="Continuous" ss:Weight="2"/>
   </Borders>
   <NumberFormat ss:Format="@"/>
  </Style>
  <Style ss:ID="s66">
   <Borders>
    <Border ss:Position="Left" ss:LineStyle="Continuous" ss:Weight="2"/>
    <Border ss:Position="Right" ss:LineStyle="Continuous" ss:Weight="1"/>
   </Borders>
   <Interior ss:Color="#D8D8D8" ss:Pattern="Solid"/>
   <NumberFormat ss:Format="@"/>
  </Style>
  <Style ss:ID="s67">
   <Borders>
    <Border ss:Position="Left" ss:LineStyle="Continuous" ss:Weight="1"/>
    <Border ss:Position="Right" ss:LineStyle="Continuous" ss:Weight="1"/>
   </Borders>
   <Interior ss:Color="#D8D8D8" ss:Pattern="Solid"/>
   <NumberFormat ss:Format="@"/>
  </Style>
  <Style ss:ID="s68">
   <Borders>
    <Border ss:Position="Left" ss:LineStyle="Continuous" ss:Weight="1"/>
    <Border ss:Position="Right" ss:LineStyle="Continuous" ss:Weight="2"/>
   </Borders>
   <Interior ss:Color="#D8D8D8" ss:Pattern="Solid"/>
   <NumberFormat ss:Format="@"/>
  </Style>
  <Style ss:ID="s69">
   <Borders>
    <Border ss:Position="Right" ss:LineStyle="Continuous" ss:Weight="1"/>
   </Borders>
   <NumberFormat ss:Format="@"/>
  </Style>
  <Style ss:ID="s70">
   <Borders>
    <Border ss:Position="Left" ss:LineStyle="Continuous" ss:Weight="1"/>
   </Borders>
   <NumberFormat ss:Format="@"/>
  </Style>
  <Style ss:ID="s71">
   <Alignment ss:Horizontal="Center" ss:Vertical="Bottom"/>
   <Borders/>
   <Font ss:FontName="Arial" x:Family="Swiss" ss:Size="8" ss:Bold="1"/>
   <Interior ss:Color="#FFFF00" ss:Pattern="Solid"/>
   <NumberFormat ss:Format="@"/>
  </Style>
  <Style ss:ID="s72">
   <Alignment ss:Horizontal="Center" ss:Vertical="Bottom"/>
   <Borders>
    <Border ss:Position="Left" ss:LineStyle="Continuous" ss:Weight="2"/>
    <Border ss:Position="Right" ss:LineStyle="Continuous" ss:Weight="1"/>
   </Borders>
   <Font ss:FontName="Arial" x:Family="Swiss" ss:Size="8" ss:Bold="1"/>
   <Interior ss:Color="#FFFF00" ss:Pattern="Solid"/>
   <NumberFormat ss:Format="@"/>
  </Style>
  <Style ss:ID="s73">
   <Alignment ss:Horizontal="Center" ss:Vertical="Bottom"/>
   <Borders>
    <Border ss:Position="Left" ss:LineStyle="Continuous" ss:Weight="1"/>
    <Border ss:Position="Right" ss:LineStyle="Continuous" ss:Weight="1"/>
   </Borders>
   <Font ss:FontName="Arial" x:Family="Swiss" ss:Size="8" ss:Bold="1"/>
   <Interior ss:Color="#FFFF00" ss:Pattern="Solid"/>
   <NumberFormat ss:Format="@"/>
  </Style>
  <Style ss:ID="s74">
   <Alignment ss:Horizontal="Center" ss:Vertical="Bottom"/>
   <Borders>
    <Border ss:Position="Left" ss:LineStyle="Continuous" ss:Weight="1"/>
    <Border ss:Position="Right" ss:LineStyle="Continuous" ss:Weight="2"/>
   </Borders>
   <Font ss:FontName="Arial" x:Family="Swiss" ss:Size="8" ss:Bold="1"/>
   <Interior ss:Color="#FFFF00" ss:Pattern="Solid"/>
   <NumberFormat ss:Format="@"/>
  </Style>
  <Style ss:ID="s75">
   <Alignment ss:Horizontal="Center" ss:Vertical="Bottom"/>
   <Borders>
    <Border ss:Position="Left" ss:LineStyle="Continuous" ss:Weight="2"/>
    <Border ss:Position="Right" ss:LineStyle="Continuous" ss:Weight="1"/>
   </Borders>
   <Font ss:FontName="Arial" x:Family="Swiss" ss:Size="8" ss:Bold="1"/>
   <Interior ss:Color="#D8D8D8" ss:Pattern="Solid"/>
   <NumberFormat ss:Format="@"/>
  </Style>
  <Style ss:ID="s76">
   <Alignment ss:Horizontal="Center" ss:Vertical="Bottom"/>
   <Borders>
    <Border ss:Position="Left" ss:LineStyle="Continuous" ss:Weight="1"/>
    <Border ss:Position="Right" ss:LineStyle="Continuous" ss:Weight="1"/>
   </Borders>
   <Font ss:FontName="Arial" x:Family="Swiss" ss:Size="8" ss:Bold="1"/>
   <Interior ss:Color="#D8D8D8" ss:Pattern="Solid"/>
   <NumberFormat ss:Format="@"/>
  </Style>
  <Style ss:ID="s77">
   <Alignment ss:Horizontal="Center" ss:Vertical="Bottom"/>
   <Borders>
    <Border ss:Position="Left" ss:LineStyle="Continuous" ss:Weight="1"/>
    <Border ss:Position="Right" ss:LineStyle="Continuous" ss:Weight="2"/>
   </Borders>
   <Font ss:FontName="Arial" x:Family="Swiss" ss:Size="8" ss:Bold="1"/>
   <Interior ss:Color="#D8D8D8" ss:Pattern="Solid"/>
   <NumberFormat ss:Format="@"/>
  </Style>
  <Style ss:ID="s78">
   <Alignment ss:Horizontal="Center" ss:Vertical="Bottom"/>
   <Borders>
    <Border ss:Position="Right" ss:LineStyle="Continuous" ss:Weight="1"/>
   </Borders>
   <Font ss:FontName="Arial" x:Family="Swiss" ss:Size="8" ss:Bold="1"/>
   <Interior ss:Color="#FFFF00" ss:Pattern="Solid"/>
   <NumberFormat ss:Format="@"/>
   <Protection/>
  </Style>
  <Style ss:ID="s79">
   <Alignment ss:Horizontal="Center" ss:Vertical="Bottom"/>
   <Borders>
    <Border ss:Position="Left" ss:LineStyle="Continuous" ss:Weight="1"/>
    <Border ss:Position="Right" ss:LineStyle="Continuous" ss:Weight="1"/>
   </Borders>
   <Font ss:FontName="Arial" x:Family="Swiss" ss:Size="8" ss:Bold="1"/>
   <Interior ss:Color="#FFFF00" ss:Pattern="Solid"/>
   <NumberFormat ss:Format="@"/>
   <Protection/>
  </Style>
  <Style ss:ID="s80">
   <Alignment ss:Vertical="Bottom"/>
   <Borders>
    <Border ss:Position="Left" ss:LineStyle="Continuous" ss:Weight="1"/>
   </Borders>
   <Font ss:FontName="Arial" x:Family="Swiss" ss:Size="8" ss:Bold="1"/>
   <Interior ss:Color="#FFFF00" ss:Pattern="Solid"/>
   <NumberFormat ss:Format="@"/>
   <Protection/>
  </Style>
  <Style ss:ID="s81">
   <Alignment ss:Vertical="Bottom"/>
   <Borders/>
   <Font ss:FontName="Arial" x:Family="Swiss" ss:Size="8" ss:Bold="1"/>
   <Interior ss:Color="#FFFF00" ss:Pattern="Solid"/>
   <NumberFormat ss:Format="@"/>
   <Protection/>
  </Style>
  <Style ss:ID="s82">
   <Alignment ss:Horizontal="Center" ss:Vertical="Bottom"/>
   <Borders>
    <Border ss:Position="Right" ss:LineStyle="Continuous" ss:Weight="1"/>
   </Borders>
   <Font ss:FontName="Arial" x:Family="Swiss" ss:Size="8" ss:Bold="1"/>
   <Interior ss:Color="#FFFF00" ss:Pattern="Solid"/>
   <NumberFormat ss:Format="@"/>
  </Style>
  <Style ss:ID="s83">
   <Alignment ss:Horizontal="Center" ss:Vertical="Bottom"/>
   <Borders>
    <Border ss:Position="Bottom" ss:LineStyle="Continuous" ss:Weight="1"/>
   </Borders>
   <Font ss:FontName="Arial" x:Family="Swiss" ss:Size="8" ss:Bold="1"/>
   <Interior ss:Color="#FFFF00" ss:Pattern="Solid"/>
   <NumberFormat ss:Format="@"/>
  </Style>
  <Style ss:ID="s84">
   <Alignment ss:Horizontal="Center" ss:Vertical="Bottom"/>
   <Borders>
    <Border ss:Position="Bottom" ss:LineStyle="Continuous" ss:Weight="1"/>
    <Border ss:Position="Left" ss:LineStyle="Continuous" ss:Weight="2"/>
    <Border ss:Position="Right" ss:LineStyle="Continuous" ss:Weight="1"/>
   </Borders>
   <Font ss:FontName="Arial" x:Family="Swiss" ss:Size="8" ss:Bold="1"/>
   <Interior ss:Color="#FFFF00" ss:Pattern="Solid"/>
   <NumberFormat ss:Format="@"/>
  </Style>
  <Style ss:ID="s85">
   <Alignment ss:Horizontal="Center" ss:Vertical="Bottom"/>
   <Borders>
    <Border ss:Position="Bottom" ss:LineStyle="Continuous" ss:Weight="1"/>
    <Border ss:Position="Left" ss:LineStyle="Continuous" ss:Weight="1"/>
    <Border ss:Position="Right" ss:LineStyle="Continuous" ss:Weight="1"/>
   </Borders>
   <Font ss:FontName="Arial" x:Family="Swiss" ss:Size="8" ss:Bold="1"/>
   <Interior ss:Color="#FFFF00" ss:Pattern="Solid"/>
   <NumberFormat ss:Format="@"/>
  </Style>
  <Style ss:ID="s86">
   <Alignment ss:Horizontal="Center" ss:Vertical="Bottom"/>
   <Borders>
    <Border ss:Position="Bottom" ss:LineStyle="Continuous" ss:Weight="1"/>
    <Border ss:Position="Left" ss:LineStyle="Continuous" ss:Weight="1"/>
    <Border ss:Position="Right" ss:LineStyle="Continuous" ss:Weight="2"/>
   </Borders>
   <Font ss:FontName="Arial" x:Family="Swiss" ss:Size="8" ss:Bold="1"/>
   <Interior ss:Color="#FFFF00" ss:Pattern="Solid"/>
   <NumberFormat ss:Format="@"/>
  </Style>
  <Style ss:ID="s87">
   <Alignment ss:Horizontal="Center" ss:Vertical="Bottom"/>
   <Borders>
    <Border ss:Position="Bottom" ss:LineStyle="Continuous" ss:Weight="1"/>
    <Border ss:Position="Left" ss:LineStyle="Continuous" ss:Weight="2"/>
    <Border ss:Position="Right" ss:LineStyle="Continuous" ss:Weight="1"/>
   </Borders>
   <Font ss:FontName="Arial" x:Family="Swiss" ss:Size="8" ss:Bold="1"/>
   <Interior ss:Color="#D8D8D8" ss:Pattern="Solid"/>
   <NumberFormat ss:Format="@"/>
  </Style>
  <Style ss:ID="s88">
   <Alignment ss:Horizontal="Center" ss:Vertical="Bottom"/>
   <Borders>
    <Border ss:Position="Bottom" ss:LineStyle="Continuous" ss:Weight="1"/>
    <Border ss:Position="Left" ss:LineStyle="Continuous" ss:Weight="1"/>
    <Border ss:Position="Right" ss:LineStyle="Continuous" ss:Weight="1"/>
   </Borders>
   <Font ss:FontName="Arial" x:Family="Swiss" ss:Size="8" ss:Bold="1"/>
   <Interior ss:Color="#D8D8D8" ss:Pattern="Solid"/>
   <NumberFormat ss:Format="@"/>
  </Style>
  <Style ss:ID="s89">
   <Alignment ss:Horizontal="Center" ss:Vertical="Bottom"/>
   <Borders>
    <Border ss:Position="Bottom" ss:LineStyle="Continuous" ss:Weight="1"/>
    <Border ss:Position="Left" ss:LineStyle="Continuous" ss:Weight="1"/>
    <Border ss:Position="Right" ss:LineStyle="Continuous" ss:Weight="2"/>
   </Borders>
   <Font ss:FontName="Arial" x:Family="Swiss" ss:Size="8" ss:Bold="1"/>
   <Interior ss:Color="#D8D8D8" ss:Pattern="Solid"/>
   <NumberFormat ss:Format="@"/>
  </Style>
  <Style ss:ID="s90">
   <Alignment ss:Horizontal="Center" ss:Vertical="Bottom"/>
   <Borders>
    <Border ss:Position="Bottom" ss:LineStyle="Continuous" ss:Weight="1"/>
    <Border ss:Position="Right" ss:LineStyle="Continuous" ss:Weight="1"/>
   </Borders>
   <Font ss:FontName="Arial" x:Family="Swiss" ss:Size="8" ss:Bold="1"/>
   <Interior ss:Color="#FFFF00" ss:Pattern="Solid"/>
   <NumberFormat ss:Format="@"/>
  </Style>
  <Style ss:ID="s91">
   <Alignment ss:Vertical="Bottom"/>
   <Borders>
    <Border ss:Position="Bottom" ss:LineStyle="Continuous" ss:Weight="1"/>
    <Border ss:Position="Left" ss:LineStyle="Continuous" ss:Weight="1"/>
   </Borders>
   <Font ss:FontName="Arial" x:Family="Swiss" ss:Size="8" ss:Bold="1"/>
   <Interior ss:Color="#FFFF00" ss:Pattern="Solid"/>
   <NumberFormat ss:Format="@"/>
   <Protection/>
  </Style>
  <Style ss:ID="s92">
   <Alignment ss:Vertical="Bottom"/>
   <Borders>
    <Border ss:Position="Bottom" ss:LineStyle="Continuous" ss:Weight="1"/>
   </Borders>
   <Font ss:FontName="Arial" x:Family="Swiss" ss:Size="8" ss:Bold="1"/>
   <Interior ss:Color="#FFFF00" ss:Pattern="Solid"/>
   <NumberFormat ss:Format="@"/>
   <Protection/>
  </Style>
 </Styles>
 <Worksheet ss:Name=".AnimEventCamShake">
  <Table ss:ExpandedColumnCount="17" ss:ExpandedRowCount="12" x:FullColumns="1"
   x:FullRows="1" ss:StyleID="s62" ss:DefaultColumnWidth="60">
   <Column ss:StyleID="s62" ss:AutoFitWidth="0" ss:Width="180"/>
   <Column ss:StyleID="s63" ss:Width="46.5"/>
   <Column ss:StyleID="s64" ss:Width="46.5"/>
   <Column ss:StyleID="s65" ss:Width="46.5"/>
   <Column ss:StyleID="s66" ss:Width="46.5"/>
   <Column ss:StyleID="s67" ss:Width="46.5"/>
   <Column ss:StyleID="s68" ss:Width="46.5"/>
   <Column ss:StyleID="s69" ss:AutoFitWidth="0"/>
   <Column ss:StyleID="s64" ss:AutoFitWidth="0"/>
   <Column ss:StyleID="s70" ss:AutoFitWidth="0"/>
   <Row ss:AutoFitHeight="0" ss:Height="11.25" ss:StyleID="s71">
    <Cell><Data ss:Type="String">AnimEventName</Data></Cell>
    <Cell ss:StyleID="s72"><Data ss:Type="String">IntensityX</Data></Cell>
    <Cell ss:StyleID="s73"><Data ss:Type="String">IntensityY</Data></Cell>
    <Cell ss:StyleID="s74"><Data ss:Type="String">IntensityZ</Data></Cell>
    <Cell ss:StyleID="s75"><Data ss:Type="String">RotationX</Data></Cell>
    <Cell ss:StyleID="s76"><Data ss:Type="String">RotationY</Data></Cell>
    <Cell ss:StyleID="s77"><Data ss:Type="String">RotationZ</Data></Cell>
    <Cell ss:StyleID="s78"><Data ss:Type="String">Duration</Data></Cell>
    <Cell ss:StyleID="s79"><Data ss:Type="String">Range</Data></Cell>
    <Cell ss:StyleID="s80"/>
    <Cell ss:StyleID="s81"/>
    <Cell ss:StyleID="s81"/>
    <Cell ss:StyleID="s81"/>
    <Cell ss:StyleID="s81"/>
    <Cell ss:StyleID="s81"/>
    <Cell ss:StyleID="s81"/>
    <Cell ss:StyleID="s81"/>
   </Row>
   <Row ss:AutoFitHeight="0" ss:Height="11.25" ss:StyleID="s71">
    <Cell><Data ss:Type="String">string</Data></Cell>
    <Cell ss:StyleID="s72"><Data ss:Type="String">float</Data></Cell>
    <Cell ss:StyleID="s73"><Data ss:Type="String">float</Data></Cell>
    <Cell ss:StyleID="s74"><Data ss:Type="String">float</Data></Cell>
    <Cell ss:StyleID="s75"><Data ss:Type="String">float</Data></Cell>
    <Cell ss:StyleID="s76"><Data ss:Type="String">float</Data></Cell>
    <Cell ss:StyleID="s77"><Data ss:Type="String">float</Data></Cell>
    <Cell ss:StyleID="s82"><Data ss:Type="String">float</Data></Cell>
    <Cell ss:StyleID="s73"><Data ss:Type="String">float</Data></Cell>
    <Cell ss:StyleID="s80"/>
    <Cell ss:StyleID="s81"/>
    <Cell ss:StyleID="s81"/>
    <Cell ss:StyleID="s81"/>
    <Cell ss:StyleID="s81"/>
    <Cell ss:StyleID="s81"/>
    <Cell ss:StyleID="s81"/>
    <Cell ss:StyleID="s81"/>
   </Row>
   <Row ss:AutoFitHeight="0" ss:Height="11.25" ss:StyleID="s83">
    <Cell><Data ss:Type="String">class</Data></Cell>
    <Cell ss:StyleID="s84"><Data ss:Type="String">class</Data></Cell>
    <Cell ss:StyleID="s85"><Data ss:Type="String">class</Data></Cell>
    <Cell ss:StyleID="s86"><Data ss:Type="String">class</Data></Cell>
    <Cell ss:StyleID="s87"><Data ss:Type="String">class</Data></Cell>
    <Cell ss:StyleID="s88"><Data ss:Type="String">class</Data></Cell>
    <Cell ss:StyleID="s89"><Data ss:Type="String">class</Data></Cell>
    <Cell ss:StyleID="s90"><Data ss:Type="String">class</Data></Cell>
    <Cell ss:StyleID="s85"><Data ss:Type="String">class</Data></Cell>
    <Cell ss:StyleID="s91"/>
    <Cell ss:StyleID="s92"/>
    <Cell ss:StyleID="s92"/>
    <Cell ss:StyleID="s92"/>
    <Cell ss:StyleID="s92"/>
    <Cell ss:StyleID="s92"/>
    <Cell ss:StyleID="s92"/>
    <Cell ss:StyleID="s92"/>
   </Row>
   <Row>
    <Cell><Data ss:Type="String">code_emitted_player_hit_light</Data></Cell>
    <Cell><Data ss:Type="String">0.2</Data></Cell>
    <Cell><Data ss:Type="String">0.2</Data></Cell>
    <Cell><Data ss:Type="String">0</Data></Cell>
    <Cell><Data ss:Type="String">0</Data></Cell>
    <Cell><Data ss:Type="String">0</Data></Cell>
    <Cell><Data ss:Type="String">0</Data></Cell>
    <Cell><Data ss:Type="String">0.1</Data></Cell>
    <Cell><Data ss:Type="String">30</Data></Cell>
   </Row>
   <Row>
    <Cell><Data ss:Type="String">code_emitted_player_hit_heavy</Data></Cell>
    <Cell><Data ss:Type="String">0</Data></Cell>
    <Cell><Data ss:Type="String">0</Data></Cell>
    <Cell><Data ss:Type="String">0</Data></Cell>
    <Cell><Data ss:Type="String">0</Data></Cell>
    <Cell><Data ss:Type="String">0</Data></Cell>
    <Cell><Data ss:Type="String">0</Data></Cell>
    <Cell><Data ss:Type="String">0</Data></Cell>
    <Cell><Data ss:Type="String">0</Data></Cell>
   </Row>
   <Row>
    <Cell><Data ss:Type="String">code_emitted_player_attack</Data></Cell>
    <Cell><Data ss:Type="String">0</Data></Cell>
    <Cell><Data ss:Type="String">0</Data></Cell>
    <Cell><Data ss:Type="String">0</Data></Cell>
    <Cell><Data ss:Type="String">0</Data></Cell>
    <Cell><Data ss:Type="String">0</Data></Cell>
    <Cell><Data ss:Type="String">0</Data></Cell>
    <Cell><Data ss:Type="String">0</Data></Cell>
    <Cell><Data ss:Type="String">0</Data></Cell>
   </Row>
   <Row>
    <Cell><Data ss:Type="String">code_emitted_player_death</Data></Cell>
    <Cell><Data ss:Type="String">0</Data></Cell>
    <Cell><Data ss:Type="String">0</Data></Cell>
    <Cell><Data ss:Type="String">0</Data></Cell>
    <Cell><Data ss:Type="String">0</Data></Cell>
    <Cell><Data ss:Type="String">0</Data></Cell>
    <Cell><Data ss:Type="String">0</Data></Cell>
    <Cell><Data ss:Type="String">0</Data></Cell>
    <Cell><Data ss:Type="String">0</Data></Cell>
   </Row>
   <Row>
    <Cell><Data ss:Type="String">code_emitted_enemy_hit_light</Data></Cell>
    <Cell><Data ss:Type="String">0</Data></Cell>
    <Cell><Data ss:Type="String">0</Data></Cell>
    <Cell><Data ss:Type="String">0</Data></Cell>
    <Cell><Data ss:Type="String">0</Data></Cell>
    <Cell><Data ss:Type="String">0</Data></Cell>
    <Cell><Data ss:Type="String">0</Data></Cell>
    <Cell><Data ss:Type="String">0.1</Data></Cell>
    <Cell><Data ss:Type="String">30</Data></Cell>
   </Row>
   <Row>
    <Cell><Data ss:Type="String">code_emitted_enemy_hit_heavy</Data></Cell>
    <Cell><Data ss:Type="String">0</Data></Cell>
    <Cell><Data ss:Type="String">0</Data></Cell>
    <Cell><Data ss:Type="String">0</Data></Cell>
    <Cell><Data ss:Type="String">0</Data></Cell>
    <Cell><Data ss:Type="String">0</Data></Cell>
    <Cell><Data ss:Type="String">0</Data></Cell>
    <Cell><Data ss:Type="String">0</Data></Cell>
    <Cell><Data ss:Type="String">0</Data></Cell>
   </Row>
   <Row>
    <Cell><Data ss:Type="String">code_emitted_enemy_attack</Data></Cell>
    <Cell><Data ss:Type="String">0</Data></Cell>
    <Cell><Data ss:Type="String">0</Data></Cell>
    <Cell><Data ss:Type="String">0</Data></Cell>
    <Cell><Data ss:Type="String">0</Data></Cell>
    <Cell><Data ss:Type="String">0</Data></Cell>
    <Cell><Data ss:Type="String">0</Data></Cell>
    <Cell><Data ss:Type="String">0</Data></Cell>
    <Cell><Data ss:Type="String">0</Data></Cell>
   </Row>
   <Row>
    <Cell><Data ss:Type="String">code_emitted_enemy_death</Data></Cell>
    <Cell><Data ss:Type="String">0</Data></Cell>
    <Cell><Data ss:Type="String">0</Data></Cell>
    <Cell><Data ss:Type="String">0</Data></Cell>
    <Cell><Data ss:Type="String">0</Data></Cell>
    <Cell><Data ss:Type="String">0</Data></Cell>
    <Cell><Data ss:Type="String">0</Data></Cell>
    <Cell><Data ss:Type="String">0</Data></Cell>
    <Cell><Data ss:Type="String">0</Data></Cell>
   </Row>
   <Row>
    <Cell><Data ss:Type="String">jump_attack</Data></Cell>
    <Cell><Data ss:Type="String">0</Data></Cell>
    <Cell><Data ss:Type="String">0.5</Data></Cell>
    <Cell><Data ss:Type="String">0</Data></Cell>
    <Cell><Data ss:Type="String">0</Data></Cell>
    <Cell><Data ss:Type="String">0</Data></Cell>
    <Cell><Data ss:Type="String">0</Data></Cell>
    <Cell><Data ss:Type="String">0.4</Data></Cell>
    <Cell><Data ss:Type="String">30</Data></Cell>
   </Row>
  </Table>
  <WorksheetOptions xmlns="urn:schemas-microsoft-com:office:excel">
   <PageSetup>
    <Header x:Margin="0.4921259845"/>
    <Footer x:Margin="0.4921259845"/>
    <PageMargins x:Bottom="0.984251969" x:Left="0.78740157499999996"
     x:Right="0.78740157499999996" x:Top="0.984251969"/>
   </PageSetup>
   <Print>
    <ValidPrinterInfo/>
    <PaperSizeIndex>9</PaperSizeIndex>
    <HorizontalResolution>600</HorizontalResolution>
    <VerticalResolution>600</VerticalResolution>
   </Print>
   <Selected/>
   <Panes>
    <Pane>
     <Number>3</Number>
     <ActiveRow>12</ActiveRow>
     <ActiveCol>4</ActiveCol>
    </Pane>
   </Panes>
   <ProtectObjects>False</ProtectObjects>
   <ProtectScenarios>False</ProtectScenarios>
  </WorksheetOptions>
  <Sorting xmlns="urn:schemas-microsoft-com:office:excel">
   <Sort>Spalte A</Sort>
  </Sorting>
 </Worksheet>
</Workbook>
