<?xml version="1.0"?>
<?mso-application progid="Excel.Sheet"?>
<Workbook xmlns="urn:schemas-microsoft-com:office:spreadsheet"
 xmlns:o="urn:schemas-microsoft-com:office:office"
 xmlns:x="urn:schemas-microsoft-com:office:excel"
 xmlns:ss="urn:schemas-microsoft-com:office:spreadsheet"
 xmlns:html="http://www.w3.org/TR/REC-html40">
 <DocumentProperties xmlns="urn:schemas-microsoft-com:office:office">
  <Author>floh</Author>
  <LastAuthor>martin_mlostek</LastAuthor>
  <Created>2004-06-29T09:20:46Z</Created>
  <LastSaved>2009-03-23T15:17:05Z</LastSaved>
  <Company>Graceland</Company>
  <Version>12.00</Version>
 </DocumentProperties>
 <ExcelWorkbook xmlns="urn:schemas-microsoft-com:office:excel">
  <WindowHeight>12420</WindowHeight>
  <WindowWidth>18540</WindowWidth>
  <WindowTopX>-15</WindowTopX>
  <WindowTopY>-15</WindowTopY>
  <TabRatio>598</TabRatio>
  <RefModeR1C1/>
  <ProtectStructure>False</ProtectStructure>
  <ProtectWindows>False</ProtectWindows>
 </ExcelWorkbook>
 <Styles>
  <Style ss:ID="Default" ss:Name="Normal">
   <Alignment ss:Vertical="Bottom"/>
   <Borders/>
   <Font ss:FontName="Arial" x:Family="Swiss"/>
   <Interior/>
   <NumberFormat/>
   <Protection/>
  </Style>
  <Style ss:ID="s62">
   <Borders>
    <Border ss:Position="Left" ss:LineStyle="Continuous" ss:Weight="1"/>
    <Border ss:Position="Right" ss:LineStyle="Continuous" ss:Weight="1"/>
   </Borders>
   <Interior/>
   <NumberFormat ss:Format="@"/>
  </Style>
  <Style ss:ID="s63">
   <Borders>
    <Border ss:Position="Right" ss:LineStyle="Continuous" ss:Weight="1"/>
   </Borders>
   <Interior/>
   <NumberFormat ss:Format="@"/>
  </Style>
  <Style ss:ID="s64">
   <Alignment ss:Horizontal="Center" ss:Vertical="Bottom"/>
   <Borders>
    <Border ss:Position="Left" ss:LineStyle="Continuous" ss:Weight="1"/>
    <Border ss:Position="Right" ss:LineStyle="Continuous" ss:Weight="1"/>
   </Borders>
   <Font ss:FontName="Arial" x:Family="Swiss" ss:Size="8" ss:Bold="1"/>
   <Interior ss:Color="#FFFF00" ss:Pattern="Solid"/>
   <NumberFormat ss:Format="@"/>
  </Style>
  <Style ss:ID="s65">
   <Alignment ss:Horizontal="Center" ss:Vertical="Bottom"/>
   <Borders>
    <Border ss:Position="Right" ss:LineStyle="Continuous" ss:Weight="1"/>
   </Borders>
   <Font ss:FontName="Arial" x:Family="Swiss" ss:Size="8" ss:Bold="1"/>
   <Interior ss:Color="#FFFF00" ss:Pattern="Solid"/>
   <NumberFormat ss:Format="@"/>
  </Style>
  <Style ss:ID="s66">
   <Alignment ss:Horizontal="Center" ss:Vertical="Bottom"/>
   <Borders>
    <Border ss:Position="Left" ss:LineStyle="Continuous" ss:Weight="1"/>
    <Border ss:Position="Right" ss:LineStyle="Continuous" ss:Weight="1"/>
   </Borders>
   <Font ss:FontName="Arial" x:Family="Swiss" ss:Size="8" ss:Bold="1"/>
   <Interior ss:Color="#FFFF00" ss:Pattern="Solid"/>
   <NumberFormat ss:Format="@"/>
   <Protection/>
  </Style>
  <Style ss:ID="s67">
   <Alignment ss:Horizontal="Center" ss:Vertical="Bottom"/>
   <Borders>
    <Border ss:Position="Bottom" ss:LineStyle="Continuous" ss:Weight="1"/>
    <Border ss:Position="Left" ss:LineStyle="Continuous" ss:Weight="1"/>
    <Border ss:Position="Right" ss:LineStyle="Continuous" ss:Weight="1"/>
   </Borders>
   <Font ss:FontName="Arial" x:Family="Swiss" ss:Size="8" ss:Bold="1"/>
   <Interior ss:Color="#FFFF00" ss:Pattern="Solid"/>
   <NumberFormat ss:Format="@"/>
  </Style>
  <Style ss:ID="s68">
   <Alignment ss:Horizontal="Center" ss:Vertical="Bottom"/>
   <Borders>
    <Border ss:Position="Bottom" ss:LineStyle="Continuous" ss:Weight="1"/>
    <Border ss:Position="Right" ss:LineStyle="Continuous" ss:Weight="1"/>
   </Borders>
   <Font ss:FontName="Arial" x:Family="Swiss" ss:Size="8" ss:Bold="1"/>
   <Interior ss:Color="#FFFF00" ss:Pattern="Solid"/>
   <NumberFormat ss:Format="@"/>
  </Style>
 </Styles>
 <Worksheet ss:Name=".AnimEventTiming">
  <Table ss:ExpandedColumnCount="5" ss:ExpandedRowCount="5" x:FullColumns="1"
   x:FullRows="1" ss:StyleID="s62" ss:DefaultColumnWidth="60">
   <Column ss:StyleID="s63" ss:Width="103.5"/>
   <Column ss:StyleID="s62" ss:Width="75" ss:Span="1"/>
   <Row ss:AutoFitHeight="0" ss:Height="11.25" ss:StyleID="s64">
    <Cell ss:StyleID="s65"><Data ss:Type="String">AnimEventName</Data><Comment
      ss:Author="Andre Weissflog"><ss:Data
       xmlns="http://www.w3.org/TR/REC-html40"><B><Font html:Face="Tahoma"
         x:Family="Swiss" html:Size="8" html:Color="#000000">Andre Weissflog:</Font></B><Font
        html:Face="Tahoma" x:Family="Swiss" html:Size="8" html:Color="#000000">&#10;Das entspricht dem Namen des Levels in der Datenbank, als Filename ohne Extension.&#10;</Font></ss:Data></Comment></Cell>
    <Cell><Data ss:Type="String">TimeFactor</Data><Comment
      ss:Author="Andre Weissflog"><ss:Data
       xmlns="http://www.w3.org/TR/REC-html40"><B><Font html:Face="Tahoma"
         x:Family="Swiss" html:Size="8" html:Color="#000000">Andre Weissflog:</Font></B><Font
        html:Face="Tahoma" x:Family="Swiss" html:Size="8" html:Color="#000000">&#10;Der im Spiel angezeigte Name fuer die Location.&#10;</Font></ss:Data></Comment></Cell>
    <Cell><Data ss:Type="String">Attack</Data></Cell>
    <Cell ss:StyleID="s66"><Data ss:Type="String">Sustain</Data></Cell>
    <Cell ss:StyleID="s66"><Data ss:Type="String">Release</Data></Cell>
   </Row>
   <Row ss:AutoFitHeight="0" ss:Height="11.25" ss:StyleID="s64">
    <Cell ss:StyleID="s65"><Data ss:Type="String">string</Data></Cell>
    <Cell><Data ss:Type="String">float</Data></Cell>
    <Cell><Data ss:Type="String">float</Data></Cell>
    <Cell><Data ss:Type="String">float</Data></Cell>
    <Cell><Data ss:Type="String">float</Data></Cell>
   </Row>
   <Row ss:AutoFitHeight="0" ss:Height="11.25" ss:StyleID="s67">
    <Cell ss:StyleID="s68"><Data ss:Type="String">class</Data></Cell>
    <Cell><Data ss:Type="String">class</Data></Cell>
    <Cell><Data ss:Type="String">class</Data></Cell>
    <Cell><Data ss:Type="String">class</Data></Cell>
    <Cell><Data ss:Type="String">class</Data></Cell>
   </Row>
   <Row>
    <Cell><Data ss:Type="String">knight_lightattack_04</Data></Cell>
    <Cell><Data ss:Type="String">0.17</Data></Cell>
    <Cell><Data ss:Type="String">0.07</Data></Cell>
    <Cell><Data ss:Type="String">0.1</Data></Cell>
    <Cell><Data ss:Type="String">0.05</Data></Cell>
   </Row>
   <Row>
    <Cell><Data ss:Type="String">pitch</Data></Cell>
    <Cell><Data ss:Type="String">1.22</Data></Cell>
    <Cell><Data ss:Type="String">2</Data></Cell>
    <Cell><Data ss:Type="String">3</Data></Cell>
    <Cell><Data ss:Type="String">2</Data></Cell>
   </Row>
  </Table>
  <WorksheetOptions xmlns="urn:schemas-microsoft-com:office:excel">
   <PageSetup>
    <Header x:Margin="0.4921259845"/>
    <Footer x:Margin="0.4921259845"/>
    <PageMargins x:Bottom="0.984251969" x:Left="0.78740157499999996"
     x:Right="0.78740157499999996" x:Top="0.984251969"/>
   </PageSetup>
   <Print>
    <ValidPrinterInfo/>
    <PaperSizeIndex>9</PaperSizeIndex>
    <HorizontalResolution>600</HorizontalResolution>
    <VerticalResolution>600</VerticalResolution>
   </Print>
   <Selected/>
   <Panes>
    <Pane>
     <Number>3</Number>
     <ActiveRow>5</ActiveRow>
     <ActiveCol>4</ActiveCol>
     <RangeSelection>R6C1:R6C5</RangeSelection>
    </Pane>
   </Panes>
   <ProtectObjects>False</ProtectObjects>
   <ProtectScenarios>False</ProtectScenarios>
  </WorksheetOptions>
 </Worksheet>
</Workbook>
