<?xml version="1.0"?>
<?mso-application progid="Excel.Sheet"?>
<Workbook xmlns="urn:schemas-microsoft-com:office:spreadsheet"
 xmlns:o="urn:schemas-microsoft-com:office:office"
 xmlns:x="urn:schemas-microsoft-com:office:excel"
 xmlns:ss="urn:schemas-microsoft-com:office:spreadsheet"
 xmlns:html="http://www.w3.org/TR/REC-html40">
 <DocumentProperties xmlns="urn:schemas-microsoft-com:office:office">
  <Author>floh</Author>
  <LastAuthor>Joerg Friedrich</LastAuthor>
  <Created>2004-06-29T09:20:46Z</Created>
  <LastSaved>2006-08-22T15:17:36Z</LastSaved>
  <Company>Graceland</Company>
  <Version>11.8132</Version>
 </DocumentProperties>
 <OfficeDocumentSettings xmlns="urn:schemas-microsoft-com:office:office">
  <DownloadComponents/>
  <LocationOfComponents HRef="file:///D:\"/>
 </OfficeDocumentSettings>
 <ExcelWorkbook xmlns="urn:schemas-microsoft-com:office:excel">
  <WindowHeight>11520</WindowHeight>
  <WindowWidth>15480</WindowWidth>
  <WindowTopX>480</WindowTopX>
  <WindowTopY>105</WindowTopY>
  <TabRatio>737</TabRatio>
  <ProtectStructure>False</ProtectStructure>
  <ProtectWindows>False</ProtectWindows>
 </ExcelWorkbook>
 <Styles>
  <Style ss:ID="Default" ss:Name="Normal">
   <Alignment ss:Vertical="Bottom"/>
   <Borders/>
   <Font/>
   <Interior/>
   <NumberFormat/>
   <Protection/>
  </Style>
  <Style ss:ID="s21">
   <NumberFormat ss:Format="@"/>
  </Style>
  <Style ss:ID="s23">
   <Alignment ss:Horizontal="Center" ss:Vertical="Bottom"/>
   <Borders/>
   <Font x:Family="Swiss" ss:Size="8" ss:Bold="1"/>
   <Interior ss:Color="#FFFF00" ss:Pattern="Solid"/>
  </Style>
  <Style ss:ID="s24">
   <Alignment ss:Horizontal="Center" ss:Vertical="Bottom"/>
   <Borders>
    <Border ss:Position="Right" ss:LineStyle="Continuous" ss:Weight="1"/>
   </Borders>
   <Font x:Family="Swiss" ss:Size="8" ss:Bold="1"/>
   <Interior ss:Color="#FFFF00" ss:Pattern="Solid"/>
   <NumberFormat ss:Format="@"/>
  </Style>
  <Style ss:ID="s25">
   <Alignment ss:Horizontal="Center" ss:Vertical="Bottom"/>
   <Borders>
    <Border ss:Position="Left" ss:LineStyle="Continuous" ss:Weight="1"/>
    <Border ss:Position="Right" ss:LineStyle="Continuous" ss:Weight="1"/>
   </Borders>
   <Font x:Family="Swiss" ss:Size="8" ss:Bold="1"/>
   <Interior ss:Color="#FFFF00" ss:Pattern="Solid"/>
   <NumberFormat ss:Format="@"/>
  </Style>
  <Style ss:ID="s26">
   <Alignment ss:Horizontal="Left" ss:Vertical="Bottom"/>
   <Borders>
    <Border ss:Position="Bottom" ss:LineStyle="Continuous" ss:Weight="1"/>
    <Border ss:Position="Left" ss:LineStyle="Continuous" ss:Weight="1"/>
    <Border ss:Position="Right" ss:LineStyle="Continuous" ss:Weight="1"/>
   </Borders>
   <Font x:Family="Swiss" ss:Size="8" ss:Bold="1"/>
   <Interior ss:Color="#FFFF00" ss:Pattern="Solid"/>
   <NumberFormat ss:Format="@"/>
  </Style>
  <Style ss:ID="s27">
   <Alignment ss:Horizontal="Center" ss:Vertical="Bottom"/>
   <Borders>
    <Border ss:Position="Bottom" ss:LineStyle="Continuous" ss:Weight="1"/>
    <Border ss:Position="Left" ss:LineStyle="Continuous" ss:Weight="1"/>
    <Border ss:Position="Right" ss:LineStyle="Continuous" ss:Weight="1"/>
   </Borders>
   <Font x:Family="Swiss" ss:Size="8" ss:Bold="1"/>
   <Interior ss:Color="#FFFF00" ss:Pattern="Solid"/>
   <NumberFormat ss:Format="@"/>
  </Style>
  <Style ss:ID="s28">
   <Alignment ss:Horizontal="Center" ss:Vertical="Bottom"/>
   <Borders>
    <Border ss:Position="Bottom" ss:LineStyle="Continuous" ss:Weight="1"/>
    <Border ss:Position="Left" ss:LineStyle="Continuous" ss:Weight="1"/>
    <Border ss:Position="Right" ss:LineStyle="Continuous" ss:Weight="1"/>
   </Borders>
   <Font x:Family="Swiss" ss:Size="8" ss:Bold="1"/>
   <Interior ss:Color="#FFFF00" ss:Pattern="Solid"/>
  </Style>
  <Style ss:ID="s31">
   <Alignment ss:Horizontal="Center" ss:Vertical="Bottom"/>
   <Borders>
    <Border ss:Position="Bottom" ss:LineStyle="Continuous" ss:Weight="1"/>
    <Border ss:Position="Top" ss:LineStyle="Continuous" ss:Weight="1"/>
   </Borders>
   <Font x:Family="Swiss" ss:Size="8" ss:Bold="1"/>
   <Interior ss:Color="#FFFF00" ss:Pattern="Solid"/>
  </Style>
  <Style ss:ID="s32">
   <Alignment ss:Horizontal="Center" ss:Vertical="Bottom"/>
   <Borders>
    <Border ss:Position="Bottom" ss:LineStyle="Continuous" ss:Weight="1"/>
    <Border ss:Position="Right" ss:LineStyle="Continuous" ss:Weight="1"/>
    <Border ss:Position="Top" ss:LineStyle="Continuous" ss:Weight="1"/>
   </Borders>
   <Font x:Family="Swiss" ss:Size="8" ss:Bold="1"/>
   <Interior ss:Color="#FFFF00" ss:Pattern="Solid"/>
   <NumberFormat ss:Format="@"/>
  </Style>
  <Style ss:ID="s33">
   <Alignment ss:Horizontal="Center" ss:Vertical="Bottom"/>
   <Borders>
    <Border ss:Position="Bottom" ss:LineStyle="Continuous" ss:Weight="1"/>
    <Border ss:Position="Left" ss:LineStyle="Continuous" ss:Weight="1"/>
    <Border ss:Position="Right" ss:LineStyle="Continuous" ss:Weight="1"/>
    <Border ss:Position="Top" ss:LineStyle="Continuous" ss:Weight="1"/>
   </Borders>
   <Font x:Family="Swiss" ss:Size="8" ss:Bold="1"/>
   <Interior ss:Color="#FFFF00" ss:Pattern="Solid"/>
   <NumberFormat ss:Format="@"/>
  </Style>
  <Style ss:ID="s34">
   <Alignment ss:Horizontal="Center" ss:Vertical="Bottom"/>
   <Borders>
    <Border ss:Position="Bottom" ss:LineStyle="Continuous" ss:Weight="1"/>
    <Border ss:Position="Right" ss:LineStyle="Continuous" ss:Weight="1"/>
    <Border ss:Position="Top" ss:LineStyle="Continuous" ss:Weight="1"/>
   </Borders>
   <Font x:Family="Swiss" ss:Size="8" ss:Bold="1"/>
   <Interior ss:Color="#FFFF00" ss:Pattern="Solid"/>
  </Style>
  <Style ss:ID="s35">
   <Alignment ss:Vertical="Bottom"/>
   <Borders>
    <Border ss:Position="Bottom" ss:LineStyle="Continuous" ss:Weight="1"/>
   </Borders>
   <Font/>
   <Interior/>
   <NumberFormat/>
   <Protection/>
  </Style>
  <Style ss:ID="s37">
   <Alignment ss:Horizontal="Center" ss:Vertical="Bottom"/>
   <Borders>
    <Border ss:Position="Bottom" ss:LineStyle="Continuous" ss:Weight="2"/>
   </Borders>
   <Font x:Family="Swiss" ss:Size="8" ss:Bold="1"/>
   <Interior ss:Color="#FFFF00" ss:Pattern="Solid"/>
  </Style>
  <Style ss:ID="s38">
   <Alignment ss:Horizontal="Center" ss:Vertical="Bottom"/>
   <Borders>
    <Border ss:Position="Bottom" ss:LineStyle="Continuous" ss:Weight="2"/>
    <Border ss:Position="Right" ss:LineStyle="Continuous" ss:Weight="1"/>
   </Borders>
   <Font x:Family="Swiss" ss:Size="8" ss:Bold="1"/>
   <Interior ss:Color="#FFFF00" ss:Pattern="Solid"/>
   <NumberFormat ss:Format="@"/>
  </Style>
  <Style ss:ID="s39">
   <Alignment ss:Horizontal="Center" ss:Vertical="Bottom"/>
   <Borders>
    <Border ss:Position="Bottom" ss:LineStyle="Continuous" ss:Weight="2"/>
    <Border ss:Position="Right" ss:LineStyle="Continuous" ss:Weight="1"/>
   </Borders>
   <Font x:Family="Swiss" ss:Size="8" ss:Bold="1"/>
   <Interior ss:Color="#FFFF00" ss:Pattern="Solid"/>
  </Style>
  <Style ss:ID="s40">
   <Interior/>
   <NumberFormat ss:Format="@"/>
  </Style>
 </Styles>
 <Worksheet ss:Name=".Levels">
  <Table ss:ExpandedColumnCount="28" ss:ExpandedRowCount="74" x:FullColumns="1"
   x:FullRows="1" ss:DefaultColumnWidth="60">
   <Column ss:StyleID="s21" ss:Width="135"/>
   <Column ss:StyleID="s21" ss:Width="203.25"/>
   <Column ss:StyleID="s21" ss:AutoFitWidth="0" ss:Width="136.5"/>
   <Column ss:StyleID="s21" ss:AutoFitWidth="0" ss:Width="130.5"/>
   <Column ss:StyleID="s21" ss:AutoFitWidth="0" ss:Width="111.75"/>
   <Column ss:StyleID="s21" ss:AutoFitWidth="0" ss:Width="118.5"/>
   <Column ss:StyleID="s21" ss:AutoFitWidth="0" ss:Width="57"/>
   <Column ss:StyleID="s21" ss:AutoFitWidth="0" ss:Width="114.75"/>
   <Column ss:StyleID="s21" ss:AutoFitWidth="0" ss:Width="78.75"/>
   <Column ss:Index="11" ss:AutoFitWidth="0" ss:Width="108"/>
   <Column ss:Index="16" ss:AutoFitWidth="0" ss:Width="69.75" ss:Span="2"/>
   <Row ss:AutoFitHeight="0" ss:Height="11.25" ss:StyleID="s23">
    <Cell ss:StyleID="s24"><Data ss:Type="String">Id</Data><Comment
      ss:Author="Andre Weissflog"><ss:Data
       xmlns="http://www.w3.org/TR/REC-html40"><B><Font html:Face="Tahoma"
         html:Size="8" html:Color="#000000">Andre Weissflog:</Font></B><Font
        html:Face="Tahoma" html:Size="8" html:Color="#000000">&#10;Das entspricht dem Namen des Levels in der Datenbank, als Filename ohne Extension.&#10;</Font></ss:Data></Comment></Cell>
    <Cell ss:StyleID="s25"><Data ss:Type="String">Name</Data><Comment
      ss:Author="Andre Weissflog"><ss:Data
       xmlns="http://www.w3.org/TR/REC-html40"><B><Font html:Face="Tahoma"
         html:Size="8" html:Color="#000000">Andre Weissflog:</Font></B><Font
        html:Face="Tahoma" html:Size="8" html:Color="#000000">&#10;Der im Spiel angezeigte Name fuer die Location.&#10;</Font></ss:Data></Comment></Cell>
    <Cell ss:StyleID="s24"><Data ss:Type="String">StartLevel</Data><Comment
      ss:Author="Andre Weissflog"><ss:Data
       xmlns="http://www.w3.org/TR/REC-html40"><B><Font html:Face="Tahoma"
         html:Size="8" html:Color="#000000">Andre Weissflog:</Font></B><Font
        html:Face="Tahoma" html:Size="8" html:Color="#000000">&#10;Der Startlevel bei einem &#10;NewGame (es kann nur einen geben!)&#10;</Font></ss:Data></Comment></Cell>
    <Cell ss:StyleID="s24"/>
    <Cell ss:StyleID="s25"/>
    <Cell ss:StyleID="s25"/>
    <Cell ss:StyleID="s26"/>
    <Cell ss:StyleID="s27"/>
    <Cell ss:StyleID="s27"/>
    <Cell ss:StyleID="s28"/>
    <Cell ss:StyleID="s24"/>
    <Cell ss:StyleID="s25"/>
    <Cell ss:StyleID="s25"/>
    <Cell ss:StyleID="s25"/>
    <Cell ss:StyleID="s25"/>
    <Cell ss:StyleID="s25"/>
    <Cell ss:StyleID="s25"/>
    <Cell ss:StyleID="s25"/>
    <Cell ss:StyleID="Default"/>
    <Cell ss:StyleID="Default"/>
    <Cell ss:StyleID="Default"/>
    <Cell ss:StyleID="Default"/>
    <Cell ss:StyleID="Default"/>
    <Cell ss:StyleID="Default"/>
    <Cell ss:StyleID="Default"/>
    <Cell ss:StyleID="Default"/>
    <Cell ss:StyleID="Default"/>
    <Cell ss:StyleID="Default"/>
   </Row>
   <Row ss:AutoFitHeight="0" ss:Height="12" ss:StyleID="s31">
    <Cell ss:StyleID="s32"><Data ss:Type="String">string</Data></Cell>
    <Cell ss:StyleID="s33"><Data ss:Type="String">string</Data></Cell>
    <Cell ss:StyleID="s32"><Data ss:Type="String">bool</Data></Cell>
    <Cell ss:StyleID="s32"/>
    <Cell ss:StyleID="s33"/>
    <Cell ss:StyleID="s33"/>
    <Cell ss:StyleID="s32"/>
    <Cell ss:StyleID="s32"/>
    <Cell ss:StyleID="s32"/>
    <Cell ss:StyleID="s34"/>
    <Cell ss:StyleID="s33"/>
    <Cell ss:StyleID="s33"/>
    <Cell ss:StyleID="s33"/>
    <Cell ss:StyleID="s33"/>
    <Cell ss:StyleID="s33"/>
    <Cell ss:StyleID="s33"/>
    <Cell ss:StyleID="s33"/>
    <Cell ss:StyleID="s33"/>
    <Cell ss:StyleID="s35"/>
    <Cell ss:StyleID="s35"/>
    <Cell ss:StyleID="s35"/>
    <Cell ss:StyleID="s35"/>
    <Cell ss:StyleID="s35"/>
    <Cell ss:StyleID="s35"/>
    <Cell ss:StyleID="s35"/>
    <Cell ss:StyleID="s35"/>
    <Cell ss:StyleID="s35"/>
    <Cell ss:StyleID="s35"/>
   </Row>
   <Row ss:AutoFitHeight="0" ss:Height="12" ss:StyleID="s37">
    <Cell ss:StyleID="s38"><Data ss:Type="String">class</Data></Cell>
    <Cell ss:StyleID="s38"><Data ss:Type="String">class</Data></Cell>
    <Cell ss:StyleID="s38"><Data ss:Type="String">class</Data></Cell>
    <Cell ss:StyleID="s38"/>
    <Cell ss:StyleID="s38"/>
    <Cell ss:StyleID="s38"/>
    <Cell ss:StyleID="s38"/>
    <Cell ss:StyleID="s38"/>
    <Cell ss:StyleID="s38"/>
    <Cell ss:StyleID="s39"/>
    <Cell ss:StyleID="s39"/>
    <Cell ss:StyleID="s39"/>
    <Cell ss:StyleID="s39"/>
    <Cell ss:StyleID="s39"/>
    <Cell ss:StyleID="s39"/>
    <Cell ss:StyleID="s39"/>
    <Cell ss:StyleID="s39"/>
    <Cell ss:StyleID="s39"/>
    <Cell ss:StyleID="Default"/>
    <Cell ss:StyleID="Default"/>
    <Cell ss:StyleID="Default"/>
    <Cell ss:StyleID="Default"/>
    <Cell ss:StyleID="Default"/>
    <Cell ss:StyleID="Default"/>
    <Cell ss:StyleID="Default"/>
    <Cell ss:StyleID="Default"/>
    <Cell ss:StyleID="Default"/>
    <Cell ss:StyleID="Default"/>
   </Row>
   <Row>
    <Cell ss:StyleID="s40"><Data ss:Type="String">testlevel</Data></Cell>
    <Cell ss:StyleID="s40"><Data ss:Type="String">Test Level</Data></Cell>
    <Cell ss:StyleID="s40"><Data ss:Type="String">true</Data></Cell>
    <Cell ss:StyleID="s40"/>
    <Cell ss:StyleID="s40"/>
    <Cell ss:StyleID="s40"/>
    <Cell ss:StyleID="s40"/>
    <Cell ss:StyleID="s40"/>
   </Row>
   <Row>
    <Cell ss:StyleID="s40"/>
    <Cell ss:StyleID="s40"/>
    <Cell ss:StyleID="s40"/>
    <Cell ss:StyleID="s40"/>
    <Cell ss:StyleID="s40"/>
    <Cell ss:StyleID="s40"/>
    <Cell ss:StyleID="s40"/>
    <Cell ss:StyleID="s40"/>
   </Row>
   <Row>
    <Cell ss:StyleID="s40"/>
    <Cell ss:StyleID="s40"/>
    <Cell ss:StyleID="s40"/>
    <Cell ss:StyleID="s40"/>
    <Cell ss:StyleID="s40"/>
    <Cell ss:StyleID="s40"/>
    <Cell ss:StyleID="s40"/>
    <Cell ss:StyleID="s40"/>
   </Row>
   <Row>
    <Cell ss:StyleID="s40"/>
    <Cell ss:StyleID="s40"/>
    <Cell ss:StyleID="s40"/>
    <Cell ss:StyleID="s40"/>
    <Cell ss:StyleID="s40"/>
    <Cell ss:StyleID="s40"/>
    <Cell ss:StyleID="s40"/>
    <Cell ss:StyleID="s40"/>
   </Row>
   <Row>
    <Cell ss:StyleID="s40"/>
    <Cell ss:StyleID="s40"/>
    <Cell ss:StyleID="s40"/>
    <Cell ss:StyleID="s40"/>
    <Cell ss:StyleID="s40"/>
    <Cell ss:StyleID="s40"/>
    <Cell ss:StyleID="s40"/>
    <Cell ss:StyleID="s40"/>
   </Row>
   <Row>
    <Cell ss:StyleID="s40"/>
    <Cell ss:StyleID="s40"/>
    <Cell ss:StyleID="s40"/>
    <Cell ss:StyleID="s40"/>
    <Cell ss:StyleID="s40"/>
    <Cell ss:StyleID="s40"/>
    <Cell ss:StyleID="s40"/>
    <Cell ss:StyleID="s40"/>
   </Row>
   <Row>
    <Cell ss:StyleID="s40"/>
    <Cell ss:StyleID="s40"/>
    <Cell ss:StyleID="s40"/>
    <Cell ss:StyleID="s40"/>
    <Cell ss:StyleID="s40"/>
    <Cell ss:StyleID="s40"/>
    <Cell ss:StyleID="s40"/>
    <Cell ss:StyleID="s40"/>
   </Row>
   <Row>
    <Cell ss:StyleID="s40"/>
    <Cell ss:StyleID="s40"/>
    <Cell ss:StyleID="s40"/>
    <Cell ss:StyleID="s40"/>
    <Cell ss:StyleID="s40"/>
    <Cell ss:StyleID="s40"/>
    <Cell ss:StyleID="s40"/>
    <Cell ss:StyleID="s40"/>
   </Row>
   <Row>
    <Cell ss:StyleID="s40"/>
    <Cell ss:StyleID="s40"/>
    <Cell ss:StyleID="s40"/>
    <Cell ss:StyleID="s40"/>
    <Cell ss:StyleID="s40"/>
    <Cell ss:StyleID="s40"/>
    <Cell ss:StyleID="s40"/>
    <Cell ss:StyleID="s40"/>
   </Row>
   <Row>
    <Cell ss:StyleID="s40"/>
    <Cell ss:StyleID="s40"/>
    <Cell ss:StyleID="s40"/>
    <Cell ss:StyleID="s40"/>
    <Cell ss:StyleID="s40"/>
    <Cell ss:StyleID="s40"/>
    <Cell ss:StyleID="s40"/>
    <Cell ss:StyleID="s40"/>
   </Row>
   <Row>
    <Cell ss:StyleID="s40"/>
    <Cell ss:StyleID="s40"/>
    <Cell ss:StyleID="s40"/>
    <Cell ss:StyleID="s40"/>
    <Cell ss:StyleID="s40"/>
    <Cell ss:StyleID="s40"/>
    <Cell ss:StyleID="s40"/>
    <Cell ss:StyleID="s40"/>
   </Row>
   <Row>
    <Cell ss:StyleID="s40"/>
    <Cell ss:StyleID="s40"/>
    <Cell ss:StyleID="s40"/>
    <Cell ss:StyleID="s40"/>
    <Cell ss:StyleID="s40"/>
    <Cell ss:StyleID="s40"/>
    <Cell ss:StyleID="s40"/>
    <Cell ss:StyleID="s40"/>
   </Row>
   <Row>
    <Cell ss:StyleID="s40"/>
    <Cell ss:StyleID="s40"/>
    <Cell ss:StyleID="s40"/>
    <Cell ss:StyleID="s40"/>
    <Cell ss:StyleID="s40"/>
    <Cell ss:StyleID="s40"/>
    <Cell ss:StyleID="s40"/>
    <Cell ss:StyleID="s40"/>
   </Row>
   <Row>
    <Cell ss:StyleID="s40"/>
    <Cell ss:StyleID="s40"/>
    <Cell ss:StyleID="s40"/>
    <Cell ss:StyleID="s40"/>
    <Cell ss:StyleID="s40"/>
    <Cell ss:StyleID="s40"/>
    <Cell ss:StyleID="s40"/>
    <Cell ss:StyleID="s40"/>
   </Row>
   <Row>
    <Cell ss:StyleID="s40"/>
    <Cell ss:StyleID="s40"/>
    <Cell ss:StyleID="s40"/>
    <Cell ss:StyleID="s40"/>
    <Cell ss:StyleID="s40"/>
    <Cell ss:StyleID="s40"/>
    <Cell ss:StyleID="s40"/>
    <Cell ss:StyleID="s40"/>
   </Row>
   <Row>
    <Cell ss:StyleID="s40"/>
    <Cell ss:StyleID="s40"/>
    <Cell ss:StyleID="s40"/>
    <Cell ss:StyleID="s40"/>
    <Cell ss:StyleID="s40"/>
    <Cell ss:StyleID="s40"/>
    <Cell ss:StyleID="s40"/>
    <Cell ss:StyleID="s40"/>
   </Row>
   <Row>
    <Cell ss:StyleID="s40"/>
    <Cell ss:StyleID="s40"/>
    <Cell ss:StyleID="s40"/>
    <Cell ss:StyleID="s40"/>
    <Cell ss:StyleID="s40"/>
    <Cell ss:StyleID="s40"/>
    <Cell ss:StyleID="s40"/>
    <Cell ss:StyleID="s40"/>
   </Row>
   <Row>
    <Cell ss:StyleID="s40"/>
    <Cell ss:StyleID="s40"/>
    <Cell ss:StyleID="s40"/>
    <Cell ss:StyleID="s40"/>
    <Cell ss:StyleID="s40"/>
    <Cell ss:StyleID="s40"/>
    <Cell ss:StyleID="s40"/>
    <Cell ss:StyleID="s40"/>
   </Row>
   <Row>
    <Cell ss:StyleID="s40"/>
    <Cell ss:StyleID="s40"/>
    <Cell ss:StyleID="s40"/>
    <Cell ss:StyleID="s40"/>
    <Cell ss:StyleID="s40"/>
    <Cell ss:StyleID="s40"/>
    <Cell ss:StyleID="s40"/>
    <Cell ss:StyleID="s40"/>
   </Row>
   <Row>
    <Cell ss:StyleID="s40"/>
    <Cell ss:StyleID="s40"/>
    <Cell ss:StyleID="s40"/>
    <Cell ss:StyleID="s40"/>
    <Cell ss:StyleID="s40"/>
    <Cell ss:StyleID="s40"/>
    <Cell ss:StyleID="s40"/>
    <Cell ss:StyleID="s40"/>
   </Row>
   <Row>
    <Cell ss:StyleID="s40"/>
    <Cell ss:StyleID="s40"/>
    <Cell ss:StyleID="s40"/>
    <Cell ss:StyleID="s40"/>
    <Cell ss:StyleID="s40"/>
    <Cell ss:StyleID="s40"/>
    <Cell ss:StyleID="s40"/>
    <Cell ss:StyleID="s40"/>
   </Row>
   <Row>
    <Cell ss:StyleID="s40"/>
    <Cell ss:StyleID="s40"/>
    <Cell ss:StyleID="s40"/>
    <Cell ss:StyleID="s40"/>
    <Cell ss:StyleID="s40"/>
    <Cell ss:StyleID="s40"/>
    <Cell ss:StyleID="s40"/>
    <Cell ss:StyleID="s40"/>
   </Row>
   <Row>
    <Cell ss:StyleID="s40"/>
    <Cell ss:StyleID="s40"/>
    <Cell ss:StyleID="s40"/>
    <Cell ss:StyleID="s40"/>
    <Cell ss:StyleID="s40"/>
    <Cell ss:StyleID="s40"/>
    <Cell ss:StyleID="s40"/>
    <Cell ss:StyleID="s40"/>
   </Row>
   <Row>
    <Cell ss:StyleID="s40"/>
    <Cell ss:StyleID="s40"/>
    <Cell ss:StyleID="s40"/>
    <Cell ss:StyleID="s40"/>
    <Cell ss:StyleID="s40"/>
    <Cell ss:StyleID="s40"/>
    <Cell ss:StyleID="s40"/>
    <Cell ss:StyleID="s40"/>
   </Row>
   <Row>
    <Cell ss:StyleID="s40"/>
    <Cell ss:StyleID="s40"/>
    <Cell ss:StyleID="s40"/>
    <Cell ss:StyleID="s40"/>
    <Cell ss:StyleID="s40"/>
    <Cell ss:StyleID="s40"/>
    <Cell ss:StyleID="s40"/>
    <Cell ss:StyleID="s40"/>
   </Row>
   <Row>
    <Cell ss:StyleID="s40"/>
    <Cell ss:StyleID="s40"/>
    <Cell ss:StyleID="s40"/>
    <Cell ss:StyleID="s40"/>
    <Cell ss:StyleID="s40"/>
    <Cell ss:StyleID="s40"/>
    <Cell ss:StyleID="s40"/>
    <Cell ss:StyleID="s40"/>
   </Row>
   <Row>
    <Cell ss:StyleID="s40"/>
    <Cell ss:StyleID="s40"/>
    <Cell ss:StyleID="s40"/>
    <Cell ss:StyleID="s40"/>
    <Cell ss:StyleID="s40"/>
    <Cell ss:StyleID="s40"/>
    <Cell ss:StyleID="s40"/>
    <Cell ss:StyleID="s40"/>
   </Row>
   <Row>
    <Cell ss:StyleID="s40"/>
    <Cell ss:StyleID="s40"/>
    <Cell ss:StyleID="s40"/>
    <Cell ss:StyleID="s40"/>
    <Cell ss:StyleID="s40"/>
    <Cell ss:StyleID="s40"/>
    <Cell ss:StyleID="s40"/>
    <Cell ss:StyleID="s40"/>
   </Row>
   <Row>
    <Cell ss:StyleID="s40"/>
    <Cell ss:StyleID="s40"/>
    <Cell ss:StyleID="s40"/>
    <Cell ss:StyleID="s40"/>
    <Cell ss:StyleID="s40"/>
    <Cell ss:StyleID="s40"/>
    <Cell ss:StyleID="s40"/>
    <Cell ss:StyleID="s40"/>
   </Row>
   <Row>
    <Cell ss:StyleID="s40"/>
    <Cell ss:StyleID="s40"/>
    <Cell ss:StyleID="s40"/>
    <Cell ss:StyleID="s40"/>
    <Cell ss:StyleID="s40"/>
    <Cell ss:StyleID="s40"/>
    <Cell ss:StyleID="s40"/>
    <Cell ss:StyleID="s40"/>
   </Row>
   <Row>
    <Cell ss:StyleID="s40"/>
    <Cell ss:StyleID="s40"/>
    <Cell ss:StyleID="s40"/>
    <Cell ss:StyleID="s40"/>
    <Cell ss:StyleID="s40"/>
    <Cell ss:StyleID="s40"/>
    <Cell ss:StyleID="s40"/>
    <Cell ss:StyleID="s40"/>
   </Row>
   <Row>
    <Cell ss:StyleID="s40"/>
    <Cell ss:StyleID="s40"/>
    <Cell ss:StyleID="s40"/>
    <Cell ss:StyleID="s40"/>
    <Cell ss:StyleID="s40"/>
    <Cell ss:StyleID="s40"/>
    <Cell ss:StyleID="s40"/>
    <Cell ss:StyleID="s40"/>
   </Row>
   <Row>
    <Cell ss:StyleID="s40"/>
    <Cell ss:StyleID="s40"/>
    <Cell ss:StyleID="s40"/>
    <Cell ss:StyleID="s40"/>
    <Cell ss:StyleID="s40"/>
    <Cell ss:StyleID="s40"/>
    <Cell ss:StyleID="s40"/>
    <Cell ss:StyleID="s40"/>
   </Row>
   <Row>
    <Cell ss:StyleID="s40"/>
    <Cell ss:StyleID="s40"/>
    <Cell ss:StyleID="s40"/>
    <Cell ss:StyleID="s40"/>
    <Cell ss:StyleID="s40"/>
    <Cell ss:StyleID="s40"/>
    <Cell ss:StyleID="s40"/>
    <Cell ss:StyleID="s40"/>
   </Row>
   <Row>
    <Cell ss:StyleID="s40"/>
    <Cell ss:StyleID="s40"/>
    <Cell ss:StyleID="s40"/>
    <Cell ss:StyleID="s40"/>
    <Cell ss:StyleID="s40"/>
    <Cell ss:StyleID="s40"/>
    <Cell ss:StyleID="s40"/>
    <Cell ss:StyleID="s40"/>
   </Row>
   <Row>
    <Cell ss:StyleID="s40"/>
    <Cell ss:StyleID="s40"/>
    <Cell ss:StyleID="s40"/>
    <Cell ss:StyleID="s40"/>
    <Cell ss:StyleID="s40"/>
    <Cell ss:StyleID="s40"/>
    <Cell ss:StyleID="s40"/>
    <Cell ss:StyleID="s40"/>
   </Row>
   <Row>
    <Cell ss:StyleID="s40"/>
    <Cell ss:StyleID="s40"/>
    <Cell ss:StyleID="s40"/>
    <Cell ss:StyleID="s40"/>
    <Cell ss:StyleID="s40"/>
    <Cell ss:StyleID="s40"/>
    <Cell ss:StyleID="s40"/>
    <Cell ss:StyleID="s40"/>
   </Row>
   <Row>
    <Cell ss:StyleID="s40"/>
    <Cell ss:StyleID="s40"/>
    <Cell ss:StyleID="s40"/>
    <Cell ss:StyleID="s40"/>
    <Cell ss:StyleID="s40"/>
    <Cell ss:StyleID="s40"/>
    <Cell ss:StyleID="s40"/>
    <Cell ss:StyleID="s40"/>
   </Row>
   <Row>
    <Cell ss:StyleID="s40"/>
    <Cell ss:StyleID="s40"/>
    <Cell ss:StyleID="s40"/>
    <Cell ss:StyleID="s40"/>
    <Cell ss:StyleID="s40"/>
    <Cell ss:StyleID="s40"/>
    <Cell ss:StyleID="s40"/>
    <Cell ss:StyleID="s40"/>
   </Row>
   <Row>
    <Cell ss:StyleID="s40"/>
    <Cell ss:StyleID="s40"/>
    <Cell ss:StyleID="s40"/>
    <Cell ss:StyleID="s40"/>
    <Cell ss:StyleID="s40"/>
    <Cell ss:StyleID="s40"/>
    <Cell ss:StyleID="s40"/>
    <Cell ss:StyleID="s40"/>
   </Row>
   <Row>
    <Cell ss:StyleID="s40"/>
    <Cell ss:StyleID="s40"/>
    <Cell ss:StyleID="s40"/>
    <Cell ss:StyleID="s40"/>
    <Cell ss:StyleID="s40"/>
    <Cell ss:StyleID="s40"/>
    <Cell ss:StyleID="s40"/>
    <Cell ss:StyleID="s40"/>
   </Row>
   <Row>
    <Cell ss:StyleID="s40"/>
    <Cell ss:StyleID="s40"/>
    <Cell ss:StyleID="s40"/>
    <Cell ss:StyleID="s40"/>
    <Cell ss:StyleID="s40"/>
    <Cell ss:StyleID="s40"/>
    <Cell ss:StyleID="s40"/>
    <Cell ss:StyleID="s40"/>
   </Row>
   <Row>
    <Cell ss:StyleID="s40"/>
    <Cell ss:StyleID="s40"/>
    <Cell ss:StyleID="s40"/>
    <Cell ss:StyleID="s40"/>
    <Cell ss:StyleID="s40"/>
    <Cell ss:StyleID="s40"/>
    <Cell ss:StyleID="s40"/>
    <Cell ss:StyleID="s40"/>
   </Row>
   <Row>
    <Cell ss:StyleID="s40"/>
    <Cell ss:StyleID="s40"/>
    <Cell ss:StyleID="s40"/>
    <Cell ss:StyleID="s40"/>
    <Cell ss:StyleID="s40"/>
    <Cell ss:StyleID="s40"/>
    <Cell ss:StyleID="s40"/>
    <Cell ss:StyleID="s40"/>
   </Row>
   <Row ss:AutoFitHeight="0" ss:Height="14.25">
    <Cell ss:StyleID="s40"/>
    <Cell ss:StyleID="s40"/>
    <Cell ss:StyleID="s40"/>
    <Cell ss:StyleID="s40"/>
    <Cell ss:StyleID="s40"/>
    <Cell ss:StyleID="s40"/>
    <Cell ss:StyleID="s40"/>
    <Cell ss:StyleID="s40"/>
   </Row>
   <Row ss:AutoFitHeight="0" ss:Height="14.25">
    <Cell ss:StyleID="s40"/>
    <Cell ss:StyleID="s40"/>
    <Cell ss:StyleID="s40"/>
    <Cell ss:StyleID="s40"/>
    <Cell ss:StyleID="s40"/>
    <Cell ss:StyleID="s40"/>
    <Cell ss:StyleID="s40"/>
    <Cell ss:StyleID="s40"/>
   </Row>
   <Row ss:AutoFitHeight="0" ss:Height="12">
    <Cell ss:StyleID="s40"/>
    <Cell ss:StyleID="s40"/>
    <Cell ss:StyleID="s40"/>
    <Cell ss:StyleID="s40"/>
    <Cell ss:StyleID="s40"/>
    <Cell ss:StyleID="s40"/>
    <Cell ss:StyleID="s40"/>
    <Cell ss:StyleID="s40"/>
   </Row>
   <Row>
    <Cell ss:StyleID="s40"/>
    <Cell ss:StyleID="s40"/>
    <Cell ss:StyleID="s40"/>
    <Cell ss:StyleID="s40"/>
    <Cell ss:StyleID="s40"/>
    <Cell ss:StyleID="s40"/>
    <Cell ss:StyleID="s40"/>
    <Cell ss:StyleID="s40"/>
   </Row>
   <Row>
    <Cell ss:StyleID="s40"/>
    <Cell ss:StyleID="s40"/>
    <Cell ss:StyleID="s40"/>
    <Cell ss:StyleID="s40"/>
    <Cell ss:StyleID="s40"/>
    <Cell ss:StyleID="s40"/>
    <Cell ss:StyleID="s40"/>
    <Cell ss:StyleID="s40"/>
   </Row>
   <Row>
    <Cell ss:StyleID="s40"/>
    <Cell ss:StyleID="s40"/>
    <Cell ss:StyleID="s40"/>
    <Cell ss:StyleID="s40"/>
    <Cell ss:StyleID="s40"/>
    <Cell ss:StyleID="s40"/>
    <Cell ss:StyleID="s40"/>
    <Cell ss:StyleID="s40"/>
   </Row>
   <Row>
    <Cell ss:StyleID="s40"/>
    <Cell ss:StyleID="s40"/>
    <Cell ss:StyleID="s40"/>
    <Cell ss:StyleID="s40"/>
    <Cell ss:StyleID="s40"/>
    <Cell ss:StyleID="s40"/>
    <Cell ss:StyleID="s40"/>
    <Cell ss:StyleID="s40"/>
   </Row>
   <Row>
    <Cell ss:StyleID="s40"/>
    <Cell ss:StyleID="s40"/>
    <Cell ss:StyleID="s40"/>
    <Cell ss:StyleID="s40"/>
    <Cell ss:StyleID="s40"/>
    <Cell ss:StyleID="s40"/>
    <Cell ss:StyleID="s40"/>
    <Cell ss:StyleID="s40"/>
   </Row>
   <Row>
    <Cell ss:StyleID="s40"/>
    <Cell ss:StyleID="s40"/>
    <Cell ss:StyleID="s40"/>
    <Cell ss:StyleID="s40"/>
    <Cell ss:StyleID="s40"/>
    <Cell ss:StyleID="s40"/>
    <Cell ss:StyleID="s40"/>
    <Cell ss:StyleID="s40"/>
   </Row>
   <Row>
    <Cell ss:StyleID="s40"/>
    <Cell ss:StyleID="s40"/>
    <Cell ss:StyleID="s40"/>
    <Cell ss:StyleID="s40"/>
    <Cell ss:StyleID="s40"/>
    <Cell ss:StyleID="s40"/>
    <Cell ss:StyleID="s40"/>
    <Cell ss:StyleID="s40"/>
   </Row>
   <Row>
    <Cell ss:StyleID="s40"/>
    <Cell ss:StyleID="s40"/>
    <Cell ss:StyleID="s40"/>
    <Cell ss:StyleID="s40"/>
    <Cell ss:StyleID="s40"/>
    <Cell ss:StyleID="s40"/>
    <Cell ss:StyleID="s40"/>
    <Cell ss:StyleID="s40"/>
   </Row>
   <Row>
    <Cell ss:StyleID="s40"/>
    <Cell ss:StyleID="s40"/>
    <Cell ss:StyleID="s40"/>
    <Cell ss:StyleID="s40"/>
    <Cell ss:StyleID="s40"/>
    <Cell ss:StyleID="s40"/>
    <Cell ss:StyleID="s40"/>
    <Cell ss:StyleID="s40"/>
   </Row>
   <Row>
    <Cell ss:StyleID="s40"/>
    <Cell ss:StyleID="s40"/>
    <Cell ss:StyleID="s40"/>
    <Cell ss:StyleID="s40"/>
    <Cell ss:StyleID="s40"/>
    <Cell ss:StyleID="s40"/>
    <Cell ss:StyleID="s40"/>
    <Cell ss:StyleID="s40"/>
   </Row>
   <Row>
    <Cell ss:StyleID="s40"/>
    <Cell ss:StyleID="s40"/>
    <Cell ss:StyleID="s40"/>
    <Cell ss:StyleID="s40"/>
    <Cell ss:StyleID="s40"/>
    <Cell ss:StyleID="s40"/>
    <Cell ss:StyleID="s40"/>
    <Cell ss:StyleID="s40"/>
   </Row>
   <Row>
    <Cell ss:StyleID="s40"/>
    <Cell ss:StyleID="s40"/>
    <Cell ss:StyleID="s40"/>
    <Cell ss:StyleID="s40"/>
    <Cell ss:StyleID="s40"/>
    <Cell ss:StyleID="s40"/>
    <Cell ss:StyleID="s40"/>
    <Cell ss:StyleID="s40"/>
   </Row>
   <Row>
    <Cell ss:StyleID="s40"/>
    <Cell ss:StyleID="s40"/>
    <Cell ss:StyleID="s40"/>
    <Cell ss:StyleID="s40"/>
    <Cell ss:StyleID="s40"/>
    <Cell ss:StyleID="s40"/>
    <Cell ss:StyleID="s40"/>
    <Cell ss:StyleID="s40"/>
   </Row>
   <Row>
    <Cell ss:StyleID="s40"/>
    <Cell ss:StyleID="s40"/>
    <Cell ss:StyleID="s40"/>
    <Cell ss:StyleID="s40"/>
    <Cell ss:StyleID="s40"/>
    <Cell ss:StyleID="s40"/>
    <Cell ss:StyleID="s40"/>
    <Cell ss:StyleID="s40"/>
   </Row>
   <Row>
    <Cell ss:StyleID="s40"/>
    <Cell ss:StyleID="s40"/>
    <Cell ss:StyleID="s40"/>
    <Cell ss:StyleID="s40"/>
    <Cell ss:StyleID="s40"/>
    <Cell ss:StyleID="s40"/>
    <Cell ss:StyleID="s40"/>
    <Cell ss:StyleID="s40"/>
   </Row>
   <Row>
    <Cell ss:StyleID="s40"/>
    <Cell ss:StyleID="s40"/>
    <Cell ss:StyleID="s40"/>
    <Cell ss:StyleID="s40"/>
    <Cell ss:StyleID="s40"/>
    <Cell ss:StyleID="s40"/>
    <Cell ss:StyleID="s40"/>
    <Cell ss:StyleID="s40"/>
   </Row>
   <Row>
    <Cell ss:StyleID="s40"/>
    <Cell ss:StyleID="s40"/>
    <Cell ss:StyleID="s40"/>
    <Cell ss:StyleID="s40"/>
    <Cell ss:StyleID="s40"/>
    <Cell ss:StyleID="s40"/>
    <Cell ss:StyleID="s40"/>
    <Cell ss:StyleID="s40"/>
   </Row>
   <Row>
    <Cell ss:StyleID="s40"/>
    <Cell ss:StyleID="s40"/>
    <Cell ss:StyleID="s40"/>
    <Cell ss:StyleID="s40"/>
    <Cell ss:StyleID="s40"/>
    <Cell ss:StyleID="s40"/>
    <Cell ss:StyleID="s40"/>
    <Cell ss:StyleID="s40"/>
   </Row>
   <Row>
    <Cell ss:StyleID="s40"/>
    <Cell ss:StyleID="s40"/>
    <Cell ss:StyleID="s40"/>
    <Cell ss:StyleID="s40"/>
    <Cell ss:StyleID="s40"/>
    <Cell ss:StyleID="s40"/>
    <Cell ss:StyleID="s40"/>
    <Cell ss:StyleID="s40"/>
   </Row>
   <Row>
    <Cell ss:StyleID="s40"/>
    <Cell ss:StyleID="s40"/>
    <Cell ss:StyleID="s40"/>
    <Cell ss:StyleID="s40"/>
    <Cell ss:StyleID="s40"/>
    <Cell ss:StyleID="s40"/>
    <Cell ss:StyleID="s40"/>
    <Cell ss:StyleID="s40"/>
   </Row>
   <Row>
    <Cell ss:StyleID="s40"/>
    <Cell ss:StyleID="s40"/>
    <Cell ss:StyleID="s40"/>
    <Cell ss:StyleID="s40"/>
    <Cell ss:StyleID="s40"/>
    <Cell ss:StyleID="s40"/>
    <Cell ss:StyleID="s40"/>
    <Cell ss:StyleID="s40"/>
   </Row>
   <Row>
    <Cell ss:StyleID="s40"/>
    <Cell ss:StyleID="s40"/>
    <Cell ss:StyleID="s40"/>
    <Cell ss:StyleID="s40"/>
    <Cell ss:StyleID="s40"/>
    <Cell ss:StyleID="s40"/>
    <Cell ss:StyleID="s40"/>
    <Cell ss:StyleID="s40"/>
   </Row>
   <Row>
    <Cell ss:StyleID="s40"/>
    <Cell ss:StyleID="s40"/>
    <Cell ss:StyleID="s40"/>
    <Cell ss:StyleID="s40"/>
    <Cell ss:StyleID="s40"/>
    <Cell ss:StyleID="s40"/>
    <Cell ss:StyleID="s40"/>
    <Cell ss:StyleID="s40"/>
   </Row>
   <Row>
    <Cell ss:StyleID="s40"/>
    <Cell ss:StyleID="s40"/>
    <Cell ss:StyleID="s40"/>
    <Cell ss:StyleID="s40"/>
    <Cell ss:StyleID="s40"/>
    <Cell ss:StyleID="s40"/>
    <Cell ss:StyleID="s40"/>
    <Cell ss:StyleID="s40"/>
   </Row>
  </Table>
  <WorksheetOptions xmlns="urn:schemas-microsoft-com:office:excel">
   <PageSetup>
    <Header x:Margin="0.4921259845"/>
    <Footer x:Margin="0.4921259845"/>
    <PageMargins x:Bottom="0.984251969" x:Left="0.78740157499999996"
     x:Right="0.78740157499999996" x:Top="0.984251969"/>
   </PageSetup>
   <Selected/>
   <TopRowVisible>2</TopRowVisible>
   <SplitHorizontal>900</SplitHorizontal>
   <TopRowBottomPane>0</TopRowBottomPane>
   <ActivePane>2</ActivePane>
   <Panes>
    <Pane>
     <Number>3</Number>
     <ActiveRow>3</ActiveRow>
    </Pane>
    <Pane>
     <Number>2</Number>
     <ActiveRow>4</ActiveRow>
    </Pane>
   </Panes>
   <ProtectObjects>False</ProtectObjects>
   <ProtectScenarios>False</ProtectScenarios>
  </WorksheetOptions>
  <DataValidation xmlns="urn:schemas-microsoft-com:office:excel">
   <Range>R2C1:R2C4,R2C7:R2C10,R2C12:R2C18,R2C30:R3C256</Range>
   <Type>List</Type>
   <CellRangeList/>
   <Value>&quot;string,int,float,bool,vector3&quot;</Value>
  </DataValidation>
  <DataValidation xmlns="urn:schemas-microsoft-com:office:excel">
   <Range>R2C5:R2C6,R2C11</Range>
   <Type>List</Type>
   <CellRangeList/>
   <Value>&quot;string,int,float,bool,vector3,color&quot;</Value>
  </DataValidation>
  <DataValidation xmlns="urn:schemas-microsoft-com:office:excel">
   <Range>R3C1:R3C18</Range>
   <Type>List</Type>
   <CellRangeList/>
   <Value>&quot;class,instance&quot;</Value>
  </DataValidation>
  <Sorting xmlns="urn:schemas-microsoft-com:office:excel">
   <Sort>Spalte A</Sort>
  </Sorting>
  <Watches xmlns="urn:schemas-microsoft-com:office:excel">
   <Watch>
    <Source>R55C4</Source>
   </Watch>
  </Watches>
 </Worksheet>
</Workbook>
