<?xml version="1.0"?>
<?mso-application progid="Excel.Sheet"?>
<Workbook xmlns="urn:schemas-microsoft-com:office:spreadsheet"
 xmlns:o="urn:schemas-microsoft-com:office:office"
 xmlns:x="urn:schemas-microsoft-com:office:excel"
 xmlns:ss="urn:schemas-microsoft-com:office:spreadsheet"
 xmlns:html="http://www.w3.org/TR/REC-html40">
 <DocumentProperties xmlns="urn:schemas-microsoft-com:office:office">
  <Author>floh</Author>
  <LastAuthor> </LastAuthor>
  <Created>2004-06-29T09:20:46Z</Created>
  <LastSaved>2006-09-06T15:15:39Z</LastSaved>
  <Company>Graceland</Company>
  <Version>11.8107</Version>
 </DocumentProperties>
 <OfficeDocumentSettings xmlns="urn:schemas-microsoft-com:office:office">
  <DownloadComponents/>
  <LocationOfComponents HRef="file:///D:\"/>
 </OfficeDocumentSettings>
 <ExcelWorkbook xmlns="urn:schemas-microsoft-com:office:excel">
  <WindowHeight>11520</WindowHeight>
  <WindowWidth>15840</WindowWidth>
  <WindowTopX>480</WindowTopX>
  <WindowTopY>105</WindowTopY>
  <TabRatio>737</TabRatio>
  <ProtectStructure>False</ProtectStructure>
  <ProtectWindows>False</ProtectWindows>
 </ExcelWorkbook>
 <Styles>
  <Style ss:ID="Default" ss:Name="Normal">
   <Alignment ss:Vertical="Bottom"/>
   <Borders/>
   <Font/>
   <Interior/>
   <NumberFormat/>
   <Protection/>
  </Style>
  <Style ss:ID="s21">
   <NumberFormat ss:Format="@"/>
  </Style>
  <Style ss:ID="s23">
   <Alignment ss:Horizontal="Center" ss:Vertical="Bottom"/>
   <Borders/>
   <Font x:Family="Swiss" ss:Size="8" ss:Bold="1"/>
   <Interior ss:Color="#FFFF00" ss:Pattern="Solid"/>
  </Style>
  <Style ss:ID="s24">
   <Alignment ss:Horizontal="Center" ss:Vertical="Bottom"/>
   <Borders>
    <Border ss:Position="Right" ss:LineStyle="Continuous" ss:Weight="1"/>
   </Borders>
   <Font x:Family="Swiss" ss:Size="8" ss:Bold="1"/>
   <Interior ss:Color="#FFFF00" ss:Pattern="Solid"/>
   <NumberFormat ss:Format="@"/>
  </Style>
  <Style ss:ID="s25">
   <Alignment ss:Horizontal="Center" ss:Vertical="Bottom"/>
   <Borders>
    <Border ss:Position="Left" ss:LineStyle="Continuous" ss:Weight="1"/>
    <Border ss:Position="Right" ss:LineStyle="Continuous" ss:Weight="1"/>
   </Borders>
   <Font x:Family="Swiss" ss:Size="8" ss:Bold="1"/>
   <Interior ss:Color="#FFFF00" ss:Pattern="Solid"/>
   <NumberFormat ss:Format="@"/>
  </Style>
  <Style ss:ID="s28">
   <Alignment ss:Horizontal="Center" ss:Vertical="Bottom"/>
   <Borders>
    <Border ss:Position="Bottom" ss:LineStyle="Continuous" ss:Weight="1"/>
    <Border ss:Position="Top" ss:LineStyle="Continuous" ss:Weight="1"/>
   </Borders>
   <Font x:Family="Swiss" ss:Size="8" ss:Bold="1"/>
   <Interior ss:Color="#FFFF00" ss:Pattern="Solid"/>
  </Style>
  <Style ss:ID="s29">
   <Alignment ss:Horizontal="Center" ss:Vertical="Bottom"/>
   <Borders>
    <Border ss:Position="Bottom" ss:LineStyle="Continuous" ss:Weight="1"/>
    <Border ss:Position="Right" ss:LineStyle="Continuous" ss:Weight="1"/>
    <Border ss:Position="Top" ss:LineStyle="Continuous" ss:Weight="1"/>
   </Borders>
   <Font x:Family="Swiss" ss:Size="8" ss:Bold="1"/>
   <Interior ss:Color="#FFFF00" ss:Pattern="Solid"/>
   <NumberFormat ss:Format="@"/>
  </Style>
  <Style ss:ID="s30">
   <Alignment ss:Horizontal="Center" ss:Vertical="Bottom"/>
   <Borders>
    <Border ss:Position="Bottom" ss:LineStyle="Continuous" ss:Weight="1"/>
    <Border ss:Position="Left" ss:LineStyle="Continuous" ss:Weight="1"/>
    <Border ss:Position="Right" ss:LineStyle="Continuous" ss:Weight="1"/>
    <Border ss:Position="Top" ss:LineStyle="Continuous" ss:Weight="1"/>
   </Borders>
   <Font x:Family="Swiss" ss:Size="8" ss:Bold="1"/>
   <Interior ss:Color="#FFFF00" ss:Pattern="Solid"/>
   <NumberFormat ss:Format="@"/>
  </Style>
  <Style ss:ID="s31">
   <Alignment ss:Vertical="Bottom"/>
   <Borders>
    <Border ss:Position="Bottom" ss:LineStyle="Continuous" ss:Weight="1"/>
   </Borders>
   <Font/>
   <Interior/>
   <NumberFormat/>
   <Protection/>
  </Style>
  <Style ss:ID="s33">
   <Alignment ss:Horizontal="Center" ss:Vertical="Bottom"/>
   <Borders>
    <Border ss:Position="Bottom" ss:LineStyle="Continuous" ss:Weight="2"/>
   </Borders>
   <Font x:Family="Swiss" ss:Size="8" ss:Bold="1"/>
   <Interior ss:Color="#FFFF00" ss:Pattern="Solid"/>
  </Style>
  <Style ss:ID="s34">
   <Alignment ss:Horizontal="Center" ss:Vertical="Bottom"/>
   <Borders>
    <Border ss:Position="Bottom" ss:LineStyle="Continuous" ss:Weight="2"/>
    <Border ss:Position="Right" ss:LineStyle="Continuous" ss:Weight="1"/>
   </Borders>
   <Font x:Family="Swiss" ss:Size="8" ss:Bold="1"/>
   <Interior ss:Color="#FFFF00" ss:Pattern="Solid"/>
   <NumberFormat ss:Format="@"/>
  </Style>
  <Style ss:ID="s35">
   <Borders>
    <Border ss:Position="Left" ss:LineStyle="Continuous" ss:Weight="1"/>
    <Border ss:Position="Right" ss:LineStyle="Continuous" ss:Weight="1"/>
   </Borders>
   <NumberFormat ss:Format="@"/>
  </Style>
  <Style ss:ID="s36">
   <Font x:Family="Swiss" ss:Size="8"/>
   <Interior/>
  </Style>
  <Style ss:ID="s37">
   <Font x:Family="Swiss" ss:Size="8"/>
  </Style>
 </Styles>
 <Worksheet ss:Name="RemoteCamera">
  <Table ss:ExpandedColumnCount="18" ss:ExpandedRowCount="11" x:FullColumns="1"
   x:FullRows="1" ss:DefaultColumnWidth="60">
   <Column ss:StyleID="s21" ss:AutoFitWidth="0" ss:Width="103.5"/>
   <Column ss:StyleID="s21" ss:AutoFitWidth="0" ss:Width="64.5"/>
   <Column ss:StyleID="s21" ss:AutoFitWidth="0" ss:Width="93.75"/>
   <Column ss:StyleID="s21" ss:AutoFitWidth="0" ss:Width="91.5"/>
   <Column ss:AutoFitWidth="0" ss:Width="66"/>
   <Column ss:StyleID="s21" ss:AutoFitWidth="0" ss:Width="64.5"/>
   <Column ss:StyleID="s21" ss:AutoFitWidth="0" ss:Width="79.5"/>
   <Column ss:StyleID="s21" ss:AutoFitWidth="0" ss:Width="86.25"/>
   <Row ss:AutoFitHeight="0" ss:Height="11.25" ss:StyleID="s23">
    <Cell ss:StyleID="s24"><Data ss:Type="String">Id</Data></Cell>
    <Cell ss:StyleID="s25"/>
    <Cell ss:StyleID="s25"/>
    <Cell ss:StyleID="s24"/>
    <Cell ss:StyleID="s24"/>
    <Cell ss:StyleID="s24"/>
    <Cell ss:StyleID="s25"/>
    <Cell ss:StyleID="s25"/>
    <Cell ss:StyleID="Default"/>
    <Cell ss:StyleID="Default"/>
    <Cell ss:StyleID="Default"/>
    <Cell ss:StyleID="Default"/>
    <Cell ss:StyleID="Default"/>
    <Cell ss:StyleID="Default"/>
    <Cell ss:StyleID="Default"/>
    <Cell ss:StyleID="Default"/>
    <Cell ss:StyleID="Default"/>
    <Cell ss:StyleID="Default"/>
   </Row>
   <Row ss:AutoFitHeight="0" ss:Height="12" ss:StyleID="s28">
    <Cell ss:StyleID="s29"><Data ss:Type="String">string</Data></Cell>
    <Cell ss:StyleID="s30"/>
    <Cell ss:StyleID="s30"/>
    <Cell ss:StyleID="s29"/>
    <Cell ss:StyleID="s29"/>
    <Cell ss:StyleID="s29"/>
    <Cell ss:StyleID="s30"/>
    <Cell ss:StyleID="s30"/>
    <Cell ss:StyleID="s31"/>
    <Cell ss:StyleID="s31"/>
    <Cell ss:StyleID="s31"/>
    <Cell ss:StyleID="s31"/>
    <Cell ss:StyleID="s31"/>
    <Cell ss:StyleID="s31"/>
    <Cell ss:StyleID="s31"/>
    <Cell ss:StyleID="s31"/>
    <Cell ss:StyleID="s31"/>
    <Cell ss:StyleID="s31"/>
   </Row>
   <Row ss:AutoFitHeight="0" ss:Height="12" ss:StyleID="s33">
    <Cell ss:StyleID="s34"><Data ss:Type="String">class</Data></Cell>
    <Cell ss:StyleID="s34"/>
    <Cell ss:StyleID="s34"/>
    <Cell ss:StyleID="s34"/>
    <Cell ss:StyleID="s34"/>
    <Cell ss:StyleID="s34"/>
    <Cell ss:StyleID="s34"/>
    <Cell ss:StyleID="s34"/>
    <Cell ss:StyleID="Default"/>
    <Cell ss:StyleID="Default"/>
    <Cell ss:StyleID="Default"/>
    <Cell ss:StyleID="Default"/>
    <Cell ss:StyleID="Default"/>
    <Cell ss:StyleID="Default"/>
    <Cell ss:StyleID="Default"/>
    <Cell ss:StyleID="Default"/>
    <Cell ss:StyleID="Default"/>
    <Cell ss:StyleID="Default"/>
   </Row>
   <Row>
    <Cell><Data ss:Type="String">RemoteCamera</Data></Cell>
    <Cell ss:Index="5" ss:StyleID="s21"/>
    <Cell ss:Index="8" ss:StyleID="s35"/>
   </Row>
   <Row>
    <Cell ss:Index="5" ss:StyleID="s21"/>
    <Cell ss:Index="8" ss:StyleID="s35"/>
   </Row>
   <Row>
    <Cell ss:Index="5" ss:StyleID="s21"/>
   </Row>
   <Row>
    <Cell ss:Index="5" ss:StyleID="s36"/>
   </Row>
   <Row>
    <Cell ss:Index="5" ss:StyleID="s36"/>
   </Row>
   <Row>
    <Cell ss:Index="5" ss:StyleID="s37"/>
   </Row>
   <Row ss:Index="11">
    <Cell ss:Index="5" ss:StyleID="s21"/>
   </Row>
  </Table>
  <WorksheetOptions xmlns="urn:schemas-microsoft-com:office:excel">
   <PageSetup>
    <Header x:Margin="0.4921259845"/>
    <Footer x:Margin="0.4921259845"/>
    <PageMargins x:Bottom="0.984251969" x:Left="0.78740157499999996"
     x:Right="0.78740157499999996" x:Top="0.984251969"/>
   </PageSetup>
   <Selected/>
   <Panes>
    <Pane>
     <Number>3</Number>
     <ActiveCol>1</ActiveCol>
     <RangeSelection>R1C2:R4C8</RangeSelection>
    </Pane>
   </Panes>
   <ProtectObjects>False</ProtectObjects>
   <ProtectScenarios>False</ProtectScenarios>
  </WorksheetOptions>
  <DataValidation xmlns="urn:schemas-microsoft-com:office:excel">
   <Range>R3C19:R3C256</Range>
   <Type>List</Type>
   <CellRangeList/>
   <Value>&quot;string,int,float,bool,vector3&quot;</Value>
  </DataValidation>
  <DataValidation xmlns="urn:schemas-microsoft-com:office:excel">
   <Range>R2</Range>
   <Type>List</Type>
   <CellRangeList/>
   <Value>&quot;string,int,float,bool,vector3,color,texture&quot;</Value>
  </DataValidation>
  <DataValidation xmlns="urn:schemas-microsoft-com:office:excel">
   <Range>R3C1:R3C8</Range>
   <Type>List</Type>
   <CellRangeList/>
   <Value>&quot;class,instance&quot;</Value>
  </DataValidation>
 </Worksheet>
</Workbook>
