<?xml version="1.0"?>
<?mso-application progid="Excel.Sheet"?>
<Workbook xmlns="urn:schemas-microsoft-com:office:spreadsheet"
 xmlns:o="urn:schemas-microsoft-com:office:office"
 xmlns:x="urn:schemas-microsoft-com:office:excel"
 xmlns:ss="urn:schemas-microsoft-com:office:spreadsheet"
 xmlns:html="http://www.w3.org/TR/REC-html40">
 <DocumentProperties xmlns="urn:schemas-microsoft-com:office:office">
  <Author>floh</Author>
  <LastAuthor>eRiC</LastAuthor>
  <LastPrinted>2007-06-27T14:13:16Z</LastPrinted>
  <Created>2004-06-08T08:41:06Z</Created>
  <LastSaved>2008-04-26T16:58:45Z</LastSaved>
  <Company>Graceland</Company>
  <Version>11.9999</Version>
 </DocumentProperties>
 <OfficeDocumentSettings xmlns="urn:schemas-microsoft-com:office:office">
  <DownloadComponents/>
  <LocationOfComponents HRef="file:///D:\"/>
 </OfficeDocumentSettings>
 <ExcelWorkbook xmlns="urn:schemas-microsoft-com:office:excel">
  <WindowHeight>9270</WindowHeight>
  <WindowWidth>9780</WindowWidth>
  <WindowTopX>120</WindowTopX>
  <WindowTopY>15</WindowTopY>
  <ProtectStructure>False</ProtectStructure>
  <ProtectWindows>False</ProtectWindows>
 </ExcelWorkbook>
 <Styles>
  <Style ss:ID="Default" ss:Name="Normal">
   <Alignment ss:Vertical="Bottom"/>
   <Borders/>
   <Font/>
   <Interior/>
   <NumberFormat/>
   <Protection/>
  </Style>
  <Style ss:ID="s21">
   <Borders/>
   <Font x:Family="Swiss" ss:Size="8"/>
   <Interior/>
  </Style>
  <Style ss:ID="s22">
   <Alignment ss:Horizontal="Right" ss:Vertical="Bottom"/>
   <Borders/>
   <Font x:Family="Swiss" ss:Size="8"/>
   <Interior/>
   <NumberFormat/>
  </Style>
  <Style ss:ID="s23">
   <Borders/>
   <Font x:Family="Swiss" ss:Size="8"/>
   <Interior/>
   <NumberFormat/>
  </Style>
  <Style ss:ID="s25">
   <Alignment ss:Horizontal="Center" ss:Vertical="Center"/>
   <Borders/>
   <Font x:Family="Swiss" ss:Size="8" ss:Bold="1"/>
   <Interior/>
  </Style>
  <Style ss:ID="s26">
   <Alignment ss:Horizontal="Center" ss:Vertical="Center"/>
   <Borders>
    <Border ss:Position="Left" ss:LineStyle="Continuous" ss:Weight="1"/>
   </Borders>
   <Font x:Family="Swiss" ss:Size="8"/>
   <Interior ss:Color="#FF6600" ss:Pattern="Solid"/>
  </Style>
  <Style ss:ID="s27">
   <Alignment ss:Horizontal="Center" ss:Vertical="Center"/>
   <Borders>
    <Border ss:Position="Left" ss:LineStyle="Continuous" ss:Weight="1"/>
   </Borders>
   <Font x:Family="Swiss" ss:Size="8" ss:Bold="1"/>
   <Interior ss:Color="#FF6600" ss:Pattern="Solid"/>
  </Style>
  <Style ss:ID="s28">
   <Alignment ss:Horizontal="Center" ss:Vertical="Center"/>
   <Borders>
    <Border ss:Position="Left" ss:LineStyle="Continuous" ss:Weight="1"/>
    <Border ss:Position="Right" ss:LineStyle="Continuous" ss:Weight="1"/>
   </Borders>
   <Font x:Family="Swiss" ss:Size="8" ss:Bold="1"/>
   <Interior ss:Color="#FF6600" ss:Pattern="Solid"/>
   <NumberFormat/>
  </Style>
  <Style ss:ID="s29">
   <Alignment ss:Horizontal="Center" ss:Vertical="Center"/>
   <Borders>
    <Border ss:Position="Bottom" ss:LineStyle="Continuous" ss:Weight="1"/>
    <Border ss:Position="Left" ss:LineStyle="Continuous" ss:Weight="1"/>
   </Borders>
   <Font x:Family="Swiss" ss:Size="8" ss:Bold="1"/>
   <Interior ss:Color="#FF6600" ss:Pattern="Solid"/>
  </Style>
  <Style ss:ID="s67">
   <Alignment ss:Vertical="Bottom"/>
   <Borders/>
   <Font x:Family="Swiss" ss:Size="8"/>
   <Interior/>
   <NumberFormat/>
   <Protection/>
  </Style>
  <Style ss:ID="s81">
   <Alignment ss:Horizontal="Left" ss:Vertical="Center"/>
   <Borders>
    <Border ss:Position="Bottom" ss:LineStyle="Continuous" ss:Weight="1"/>
    <Border ss:Position="Left" ss:LineStyle="Continuous" ss:Weight="1"/>
    <Border ss:Position="Right" ss:LineStyle="Continuous" ss:Weight="1"/>
    <Border ss:Position="Top" ss:LineStyle="Continuous" ss:Weight="1"/>
   </Borders>
   <Font x:Family="Swiss" ss:Size="8"/>
   <Interior/>
  </Style>
  <Style ss:ID="s82">
   <Borders>
    <Border ss:Position="Bottom" ss:LineStyle="Continuous" ss:Weight="1"/>
    <Border ss:Position="Left" ss:LineStyle="Continuous" ss:Weight="1"/>
    <Border ss:Position="Right" ss:LineStyle="Continuous" ss:Weight="1"/>
    <Border ss:Position="Top" ss:LineStyle="Continuous" ss:Weight="1"/>
   </Borders>
   <Font ss:Size="8"/>
   <Interior/>
  </Style>
  <Style ss:ID="s83">
   <Borders/>
   <Interior/>
  </Style>
  <Style ss:ID="s84">
   <Borders>
    <Border ss:Position="Bottom" ss:LineStyle="Continuous" ss:Weight="2"/>
   </Borders>
   <Font x:Family="Swiss" ss:Size="8"/>
   <Interior/>
  </Style>
  <Style ss:ID="s85">
   <Alignment ss:Vertical="Bottom"/>
   <Borders>
    <Border ss:Position="Bottom" ss:LineStyle="Continuous" ss:Weight="2"/>
   </Borders>
   <Font x:Family="Swiss" ss:Size="8"/>
   <Interior/>
   <NumberFormat/>
   <Protection/>
  </Style>
  <Style ss:ID="s86">
   <Borders>
    <Border ss:Position="Bottom" ss:LineStyle="Continuous" ss:Weight="2"/>
   </Borders>
   <Font x:Family="Swiss" ss:Size="8"/>
   <Interior/>
   <NumberFormat/>
  </Style>
  <Style ss:ID="s87">
   <Borders>
    <Border ss:Position="Bottom" ss:LineStyle="Continuous" ss:Weight="2"/>
   </Borders>
   <Interior/>
  </Style>
 </Styles>
 <Worksheet ss:Name="Tabelle1">
  <Table ss:ExpandedColumnCount="5" ss:ExpandedRowCount="260" x:FullColumns="1"
   x:FullRows="1" ss:StyleID="s21" ss:DefaultColumnWidth="60"
   ss:DefaultRowHeight="13.3125">
   <Column ss:StyleID="s21" ss:Width="159"/>
   <Column ss:StyleID="s21" ss:AutoFitWidth="0" ss:Width="172.5"/>
   <Column ss:StyleID="s22" ss:AutoFitWidth="0" ss:Width="48.75"/>
   <Column ss:StyleID="s23" ss:AutoFitWidth="0" ss:Width="54"/>
   <Column ss:StyleID="s21" ss:AutoFitWidth="0" ss:Width="187.5"/>
   <Row ss:AutoFitHeight="0" ss:StyleID="s25">
    <Cell ss:StyleID="s26"><Data ss:Type="String">Name</Data></Cell>
    <Cell ss:StyleID="s27"><Data ss:Type="String">File</Data></Cell>
    <Cell ss:StyleID="s28"><Data ss:Type="String">Timeout</Data></Cell>
    <Cell ss:StyleID="s28"><Data ss:Type="String">Hotspot</Data></Cell>
    <Cell ss:StyleID="s29"><Data ss:Type="String">Comment</Data></Cell>
   </Row>
   <Row ss:AutoFitHeight="0" ss:Height="12.75">
    <Cell ss:Index="2" ss:StyleID="s67"/>
    <Cell ss:StyleID="s67"/>
    <Cell ss:StyleID="s67"/>
    <Cell ss:StyleID="s67"/>
   </Row>
   <Row ss:AutoFitHeight="0" ss:Height="12.75">
    <Cell ss:Index="2" ss:StyleID="s67"/>
    <Cell ss:StyleID="s67"/>
   </Row>
   <Row ss:AutoFitHeight="0">
    <Cell ss:Index="2" ss:StyleID="s67"/>
    <Cell ss:StyleID="s67"/>
   </Row>
   <Row ss:AutoFitHeight="0">
    <Cell ss:Index="2" ss:StyleID="s67"/>
    <Cell ss:StyleID="s67"/>
   </Row>
   <Row ss:AutoFitHeight="0">
    <Cell ss:Index="2" ss:StyleID="s67"/>
    <Cell ss:StyleID="s67"/>
   </Row>
   <Row ss:AutoFitHeight="0">
    <Cell ss:Index="2" ss:StyleID="s67"/>
    <Cell ss:StyleID="s67"/>
   </Row>
   <Row ss:AutoFitHeight="0">
    <Cell ss:Index="2" ss:StyleID="s67"/>
    <Cell ss:StyleID="s67"/>
   </Row>
   <Row ss:AutoFitHeight="0">
    <Cell ss:Index="2" ss:StyleID="s67"/>
    <Cell ss:StyleID="s67"/>
   </Row>
   <Row ss:AutoFitHeight="0">
    <Cell ss:Index="2" ss:StyleID="s67"/>
    <Cell ss:StyleID="s67"/>
   </Row>
   <Row ss:AutoFitHeight="0">
    <Cell ss:Index="2" ss:StyleID="s67"/>
    <Cell ss:StyleID="s67"/>
   </Row>
   <Row ss:AutoFitHeight="0">
    <Cell ss:Index="2" ss:StyleID="s67"/>
    <Cell ss:StyleID="s67"/>
   </Row>
   <Row ss:AutoFitHeight="0">
    <Cell ss:Index="2" ss:StyleID="s67"/>
    <Cell ss:StyleID="s67"/>
   </Row>
   <Row ss:AutoFitHeight="0">
    <Cell ss:Index="2" ss:StyleID="s67"/>
    <Cell ss:StyleID="s67"/>
   </Row>
   <Row ss:AutoFitHeight="0">
    <Cell ss:Index="2" ss:StyleID="s67"/>
    <Cell ss:StyleID="s67"/>
   </Row>
   <Row ss:AutoFitHeight="0">
    <Cell ss:Index="2" ss:StyleID="s67"/>
    <Cell ss:StyleID="s67"/>
   </Row>
   <Row ss:AutoFitHeight="0">
    <Cell ss:Index="2" ss:StyleID="s67"/>
    <Cell ss:StyleID="s67"/>
   </Row>
   <Row ss:AutoFitHeight="0">
    <Cell ss:Index="2" ss:StyleID="s67"/>
    <Cell ss:StyleID="s67"/>
   </Row>
   <Row ss:AutoFitHeight="0" ss:Height="12.75">
    <Cell ss:Index="2" ss:StyleID="s67"/>
    <Cell ss:StyleID="s67"/>
   </Row>
   <Row ss:AutoFitHeight="0">
    <Cell ss:Index="2" ss:StyleID="s67"/>
    <Cell ss:StyleID="s67"/>
   </Row>
   <Row ss:AutoFitHeight="0">
    <Cell ss:Index="2" ss:StyleID="s67"/>
    <Cell ss:StyleID="s67"/>
   </Row>
   <Row ss:AutoFitHeight="0">
    <Cell ss:Index="2" ss:StyleID="s67"/>
    <Cell ss:StyleID="s67"/>
   </Row>
   <Row ss:AutoFitHeight="0">
    <Cell ss:Index="2" ss:StyleID="s67"/>
    <Cell ss:StyleID="s67"/>
   </Row>
   <Row ss:AutoFitHeight="0">
    <Cell ss:Index="2" ss:StyleID="s67"/>
    <Cell ss:StyleID="s67"/>
   </Row>
   <Row ss:AutoFitHeight="0">
    <Cell ss:Index="2" ss:StyleID="s67"/>
    <Cell ss:StyleID="s67"/>
   </Row>
   <Row ss:AutoFitHeight="0">
    <Cell ss:Index="2" ss:StyleID="s67"/>
    <Cell ss:StyleID="s67"/>
   </Row>
   <Row ss:AutoFitHeight="0">
    <Cell ss:Index="2" ss:StyleID="s67"/>
    <Cell ss:StyleID="s67"/>
   </Row>
   <Row ss:AutoFitHeight="0">
    <Cell ss:Index="2" ss:StyleID="s67"/>
    <Cell ss:StyleID="s67"/>
   </Row>
   <Row ss:AutoFitHeight="0">
    <Cell ss:Index="2" ss:StyleID="s67"/>
    <Cell ss:StyleID="s67"/>
   </Row>
   <Row ss:AutoFitHeight="0" ss:Height="12.75">
    <Cell ss:Index="2" ss:StyleID="s67"/>
    <Cell ss:StyleID="s67"/>
   </Row>
   <Row ss:AutoFitHeight="0">
    <Cell ss:Index="2" ss:StyleID="s67"/>
    <Cell ss:StyleID="s67"/>
   </Row>
   <Row ss:AutoFitHeight="0">
    <Cell ss:Index="2" ss:StyleID="s67"/>
    <Cell ss:StyleID="s67"/>
   </Row>
   <Row ss:AutoFitHeight="0">
    <Cell ss:Index="2" ss:StyleID="s67"/>
    <Cell ss:StyleID="s67"/>
   </Row>
   <Row ss:AutoFitHeight="0">
    <Cell ss:Index="2" ss:StyleID="s67"/>
    <Cell ss:StyleID="s67"/>
   </Row>
   <Row ss:AutoFitHeight="0">
    <Cell ss:Index="2" ss:StyleID="s67"/>
    <Cell ss:StyleID="s67"/>
   </Row>
   <Row ss:AutoFitHeight="0">
    <Cell ss:Index="2" ss:StyleID="s67"/>
    <Cell ss:StyleID="s67"/>
   </Row>
   <Row ss:AutoFitHeight="0" ss:Height="12.75">
    <Cell ss:Index="2" ss:StyleID="s67"/>
    <Cell ss:StyleID="s67"/>
   </Row>
   <Row ss:AutoFitHeight="0">
    <Cell ss:Index="2" ss:StyleID="s67"/>
    <Cell ss:StyleID="s67"/>
   </Row>
   <Row ss:AutoFitHeight="0">
    <Cell ss:Index="2" ss:StyleID="s67"/>
    <Cell ss:StyleID="s67"/>
   </Row>
   <Row ss:AutoFitHeight="0">
    <Cell ss:Index="2" ss:StyleID="s67"/>
    <Cell ss:StyleID="s67"/>
   </Row>
   <Row ss:AutoFitHeight="0">
    <Cell ss:Index="2" ss:StyleID="s67"/>
    <Cell ss:StyleID="s67"/>
   </Row>
   <Row ss:AutoFitHeight="0">
    <Cell ss:Index="2" ss:StyleID="s67"/>
    <Cell ss:StyleID="s67"/>
   </Row>
   <Row ss:AutoFitHeight="0">
    <Cell ss:Index="2" ss:StyleID="s67"/>
    <Cell ss:StyleID="s67"/>
   </Row>
   <Row ss:AutoFitHeight="0">
    <Cell ss:Index="2" ss:StyleID="s67"/>
    <Cell ss:StyleID="s67"/>
   </Row>
   <Row ss:AutoFitHeight="0">
    <Cell ss:Index="2" ss:StyleID="s67"/>
    <Cell ss:StyleID="s67"/>
   </Row>
   <Row ss:AutoFitHeight="0">
    <Cell ss:Index="2" ss:StyleID="s67"/>
    <Cell ss:StyleID="s67"/>
   </Row>
   <Row ss:AutoFitHeight="0">
    <Cell ss:Index="2" ss:StyleID="s67"/>
    <Cell ss:StyleID="s67"/>
   </Row>
   <Row ss:AutoFitHeight="0">
    <Cell ss:Index="2" ss:StyleID="s67"/>
    <Cell ss:StyleID="s67"/>
   </Row>
   <Row ss:AutoFitHeight="0">
    <Cell ss:Index="2" ss:StyleID="s67"/>
    <Cell ss:StyleID="s67"/>
   </Row>
   <Row ss:AutoFitHeight="0">
    <Cell ss:Index="2" ss:StyleID="s67"/>
    <Cell ss:StyleID="s67"/>
   </Row>
   <Row ss:AutoFitHeight="0">
    <Cell ss:Index="2" ss:StyleID="s67"/>
    <Cell ss:StyleID="s67"/>
   </Row>
   <Row ss:AutoFitHeight="0">
    <Cell ss:Index="2" ss:StyleID="s67"/>
    <Cell ss:StyleID="s67"/>
   </Row>
   <Row ss:AutoFitHeight="0">
    <Cell ss:Index="2" ss:StyleID="s67"/>
    <Cell ss:StyleID="s67"/>
   </Row>
   <Row ss:AutoFitHeight="0">
    <Cell ss:Index="2" ss:StyleID="s67"/>
    <Cell ss:StyleID="s67"/>
   </Row>
   <Row ss:AutoFitHeight="0">
    <Cell ss:Index="2" ss:StyleID="s67"/>
    <Cell ss:StyleID="s67"/>
   </Row>
   <Row ss:AutoFitHeight="0">
    <Cell ss:Index="2" ss:StyleID="s67"/>
    <Cell ss:StyleID="s67"/>
   </Row>
   <Row ss:AutoFitHeight="0">
    <Cell ss:Index="2" ss:StyleID="s67"/>
    <Cell ss:StyleID="s67"/>
   </Row>
   <Row ss:AutoFitHeight="0" ss:Height="12.75">
    <Cell ss:Index="2" ss:StyleID="s67"/>
    <Cell ss:StyleID="s67"/>
   </Row>
   <Row ss:AutoFitHeight="0">
    <Cell ss:Index="2" ss:StyleID="s67"/>
    <Cell ss:StyleID="s67"/>
   </Row>
   <Row ss:AutoFitHeight="0">
    <Cell ss:Index="2" ss:StyleID="s67"/>
    <Cell ss:StyleID="s67"/>
   </Row>
   <Row ss:AutoFitHeight="0">
    <Cell ss:Index="2" ss:StyleID="s67"/>
    <Cell ss:StyleID="s67"/>
   </Row>
   <Row ss:AutoFitHeight="0">
    <Cell ss:Index="2" ss:StyleID="s67"/>
    <Cell ss:StyleID="s67"/>
   </Row>
   <Row ss:AutoFitHeight="0">
    <Cell ss:Index="2" ss:StyleID="s67"/>
    <Cell ss:StyleID="s67"/>
   </Row>
   <Row ss:AutoFitHeight="0">
    <Cell ss:Index="2" ss:StyleID="s67"/>
    <Cell ss:StyleID="s67"/>
   </Row>
   <Row ss:AutoFitHeight="0">
    <Cell ss:Index="2" ss:StyleID="s67"/>
    <Cell ss:StyleID="s67"/>
   </Row>
   <Row ss:AutoFitHeight="0" ss:Height="12.75">
    <Cell ss:Index="2" ss:StyleID="s67"/>
    <Cell ss:StyleID="s67"/>
   </Row>
   <Row ss:AutoFitHeight="0">
    <Cell ss:Index="2" ss:StyleID="s67"/>
    <Cell ss:StyleID="s67"/>
   </Row>
   <Row ss:AutoFitHeight="0">
    <Cell ss:Index="2" ss:StyleID="s67"/>
    <Cell ss:StyleID="s67"/>
   </Row>
   <Row ss:AutoFitHeight="0">
    <Cell ss:Index="2" ss:StyleID="s67"/>
    <Cell ss:StyleID="s67"/>
   </Row>
   <Row ss:AutoFitHeight="0">
    <Cell ss:Index="2" ss:StyleID="s67"/>
    <Cell ss:StyleID="s67"/>
   </Row>
   <Row ss:AutoFitHeight="0">
    <Cell ss:Index="2" ss:StyleID="s81"/>
    <Cell ss:StyleID="s67"/>
   </Row>
   <Row ss:AutoFitHeight="0">
    <Cell ss:Index="2" ss:StyleID="s81"/>
    <Cell ss:StyleID="s67"/>
   </Row>
   <Row ss:AutoFitHeight="0">
    <Cell ss:Index="2" ss:StyleID="s82"/>
    <Cell ss:StyleID="s67"/>
    <Cell ss:Index="5" ss:StyleID="s83"/>
   </Row>
   <Row ss:AutoFitHeight="0">
    <Cell ss:Index="3" ss:StyleID="s67"/>
    <Cell ss:Index="5" ss:StyleID="s83"/>
   </Row>
   <Row ss:AutoFitHeight="0">
    <Cell ss:Index="3" ss:StyleID="s67"/>
    <Cell ss:Index="5" ss:StyleID="s83"/>
   </Row>
   <Row ss:AutoFitHeight="0">
    <Cell ss:Index="3" ss:StyleID="s67"/>
    <Cell ss:Index="5" ss:StyleID="s83"/>
   </Row>
   <Row ss:AutoFitHeight="0">
    <Cell ss:Index="3" ss:StyleID="s67"/>
    <Cell ss:Index="5" ss:StyleID="s83"/>
   </Row>
   <Row ss:AutoFitHeight="0">
    <Cell ss:Index="3" ss:StyleID="s67"/>
    <Cell ss:Index="5" ss:StyleID="s83"/>
   </Row>
   <Row ss:AutoFitHeight="0">
    <Cell ss:Index="3" ss:StyleID="s67"/>
    <Cell ss:Index="5" ss:StyleID="s83"/>
   </Row>
   <Row ss:AutoFitHeight="0">
    <Cell ss:Index="3" ss:StyleID="s67"/>
    <Cell ss:Index="5" ss:StyleID="s83"/>
   </Row>
   <Row ss:AutoFitHeight="0">
    <Cell ss:StyleID="s84"/>
    <Cell ss:StyleID="s84"/>
    <Cell ss:StyleID="s85"/>
    <Cell ss:StyleID="s86"/>
    <Cell ss:StyleID="s87"/>
   </Row>
   <Row ss:AutoFitHeight="0" ss:Height="12.75"/>
   <Row ss:AutoFitHeight="0" ss:Span="1"/>
   <Row ss:Index="85" ss:AutoFitHeight="0" ss:Height="12.75">
    <Cell ss:Index="2" ss:StyleID="s67"/>
    <Cell ss:StyleID="s67"/>
   </Row>
   <Row ss:AutoFitHeight="0" ss:Height="12.75">
    <Cell ss:Index="2" ss:StyleID="s67"/>
    <Cell ss:StyleID="s67"/>
   </Row>
   <Row ss:AutoFitHeight="0">
    <Cell ss:Index="2" ss:StyleID="s67"/>
    <Cell ss:StyleID="s67"/>
   </Row>
   <Row ss:AutoFitHeight="0">
    <Cell ss:Index="2" ss:StyleID="s67"/>
    <Cell ss:StyleID="s67"/>
   </Row>
   <Row ss:AutoFitHeight="0" ss:Height="12.75"/>
   <Row ss:AutoFitHeight="0" ss:Span="1"/>
   <Row ss:Index="92" ss:AutoFitHeight="0" ss:Height="12.75" ss:Span="2"/>
   <Row ss:Index="95" ss:AutoFitHeight="0" ss:Span="3"/>
   <Row ss:Index="99" ss:AutoFitHeight="0" ss:Height="12.75" ss:Span="1"/>
   <Row ss:Index="101" ss:AutoFitHeight="0" ss:Span="2"/>
   <Row ss:Index="104" ss:AutoFitHeight="0" ss:Height="12.75" ss:Span="1"/>
   <Row ss:Index="106" ss:AutoFitHeight="0" ss:Span="1"/>
   <Row ss:Index="108" ss:AutoFitHeight="0" ss:Height="12.75"/>
   <Row ss:AutoFitHeight="0"/>
   <Row ss:AutoFitHeight="0" ss:Height="12.75"/>
   <Row ss:AutoFitHeight="0" ss:Span="3"/>
   <Row ss:Index="115" ss:AutoFitHeight="0" ss:Height="12.75" ss:Span="1"/>
   <Row ss:Index="117" ss:AutoFitHeight="0" ss:Span="2"/>
   <Row ss:Index="120" ss:AutoFitHeight="0" ss:Height="12.75" ss:Span="1"/>
   <Row ss:Index="122" ss:AutoFitHeight="0" ss:Span="1"/>
   <Row ss:Index="124" ss:AutoFitHeight="0" ss:Height="12.75"/>
   <Row ss:AutoFitHeight="0" ss:Span="2"/>
   <Row ss:Index="128" ss:AutoFitHeight="0">
    <Cell ss:Index="2" ss:StyleID="s67"/>
    <Cell ss:StyleID="s67"/>
   </Row>
   <Row ss:AutoFitHeight="0">
    <Cell ss:Index="2" ss:StyleID="s67"/>
    <Cell ss:StyleID="s67"/>
   </Row>
   <Row ss:AutoFitHeight="0">
    <Cell ss:Index="2" ss:StyleID="s67"/>
   </Row>
   <Row ss:AutoFitHeight="0" ss:Span="1"/>
   <Row ss:Index="133" ss:AutoFitHeight="0">
    <Cell ss:Index="3" ss:StyleID="s23"/>
   </Row>
   <Row ss:AutoFitHeight="0"/>
   <Row ss:AutoFitHeight="0">
    <Cell ss:Index="3" ss:StyleID="s23"/>
   </Row>
   <Row ss:AutoFitHeight="0">
    <Cell ss:Index="2" ss:StyleID="s67"/>
    <Cell ss:StyleID="s67"/>
   </Row>
   <Row ss:AutoFitHeight="0">
    <Cell ss:Index="2" ss:StyleID="s67"/>
    <Cell ss:StyleID="s67"/>
   </Row>
   <Row ss:AutoFitHeight="0">
    <Cell ss:Index="2" ss:StyleID="s67"/>
    <Cell ss:StyleID="s67"/>
   </Row>
   <Row ss:AutoFitHeight="0">
    <Cell ss:Index="2" ss:StyleID="s67"/>
    <Cell ss:StyleID="s67"/>
   </Row>
   <Row ss:AutoFitHeight="0">
    <Cell ss:Index="2" ss:StyleID="s67"/>
    <Cell ss:StyleID="s23"/>
   </Row>
   <Row ss:AutoFitHeight="0">
    <Cell ss:Index="2" ss:StyleID="s67"/>
    <Cell ss:StyleID="s67"/>
   </Row>
   <Row ss:AutoFitHeight="0">
    <Cell ss:Index="2" ss:StyleID="s67"/>
    <Cell ss:StyleID="s67"/>
   </Row>
   <Row ss:AutoFitHeight="0">
    <Cell ss:Index="2" ss:StyleID="s67"/>
    <Cell ss:StyleID="s67"/>
   </Row>
   <Row ss:AutoFitHeight="0" ss:Height="12.75" ss:Span="1"/>
   <Row ss:Index="146" ss:AutoFitHeight="0"/>
   <Row ss:AutoFitHeight="0">
    <Cell ss:Index="2" ss:StyleID="s67"/>
    <Cell ss:StyleID="s67"/>
   </Row>
   <Row ss:AutoFitHeight="0">
    <Cell ss:Index="2" ss:StyleID="s67"/>
    <Cell ss:StyleID="s67"/>
   </Row>
   <Row ss:AutoFitHeight="0">
    <Cell ss:Index="2" ss:StyleID="s67"/>
    <Cell ss:StyleID="s67"/>
   </Row>
   <Row ss:AutoFitHeight="0">
    <Cell ss:Index="2" ss:StyleID="s67"/>
    <Cell ss:StyleID="s67"/>
   </Row>
   <Row ss:AutoFitHeight="0">
    <Cell ss:Index="2" ss:StyleID="s67"/>
    <Cell ss:StyleID="s67"/>
   </Row>
   <Row ss:AutoFitHeight="0">
    <Cell ss:Index="2" ss:StyleID="s67"/>
    <Cell ss:StyleID="s67"/>
   </Row>
   <Row ss:AutoFitHeight="0" ss:Height="12.75"/>
   <Row ss:AutoFitHeight="0" ss:Span="1"/>
   <Row ss:Index="156" ss:AutoFitHeight="0" ss:Height="12.75"/>
   <Row ss:AutoFitHeight="0" ss:Span="3"/>
   <Row ss:Index="161" ss:AutoFitHeight="0" ss:Height="12.75"/>
   <Row ss:AutoFitHeight="0"/>
   <Row ss:AutoFitHeight="0" ss:Height="12.75">
    <Cell ss:Index="2" ss:StyleID="s67"/>
    <Cell ss:StyleID="s67"/>
   </Row>
   <Row ss:AutoFitHeight="0">
    <Cell ss:Index="2" ss:StyleID="s67"/>
    <Cell ss:StyleID="s67"/>
   </Row>
   <Row ss:AutoFitHeight="0">
    <Cell ss:Index="2" ss:StyleID="s67"/>
    <Cell ss:StyleID="s67"/>
   </Row>
   <Row ss:AutoFitHeight="0">
    <Cell ss:Index="2" ss:StyleID="s67"/>
    <Cell ss:StyleID="s23"/>
   </Row>
   <Row ss:AutoFitHeight="0" ss:Height="12.75">
    <Cell ss:Index="2" ss:StyleID="s67"/>
    <Cell ss:StyleID="s67"/>
   </Row>
   <Row ss:AutoFitHeight="0">
    <Cell ss:Index="2" ss:StyleID="s67"/>
    <Cell ss:StyleID="s67"/>
   </Row>
   <Row ss:AutoFitHeight="0">
    <Cell ss:Index="2" ss:StyleID="s67"/>
    <Cell ss:StyleID="s67"/>
   </Row>
   <Row ss:AutoFitHeight="0" ss:Height="12.75"/>
   <Row ss:AutoFitHeight="0"/>
   <Row ss:AutoFitHeight="0" ss:Height="12.75"/>
   <Row ss:AutoFitHeight="0"/>
   <Row ss:AutoFitHeight="0" ss:Height="12.75"/>
   <Row ss:AutoFitHeight="0">
    <Cell ss:Index="3" ss:StyleID="s23"/>
   </Row>
   <Row ss:AutoFitHeight="0">
    <Cell ss:Index="2" ss:StyleID="s67"/>
    <Cell ss:StyleID="s67"/>
   </Row>
   <Row ss:AutoFitHeight="0">
    <Cell ss:Index="2" ss:StyleID="s67"/>
    <Cell ss:StyleID="s67"/>
   </Row>
   <Row ss:AutoFitHeight="0">
    <Cell ss:Index="2" ss:StyleID="s67"/>
    <Cell ss:StyleID="s67"/>
   </Row>
   <Row ss:AutoFitHeight="0">
    <Cell ss:Index="2" ss:StyleID="s67"/>
    <Cell ss:StyleID="s67"/>
   </Row>
   <Row ss:AutoFitHeight="0">
    <Cell ss:Index="2" ss:StyleID="s67"/>
    <Cell ss:StyleID="s23"/>
   </Row>
   <Row ss:AutoFitHeight="0">
    <Cell ss:Index="2" ss:StyleID="s67"/>
    <Cell ss:StyleID="s67"/>
   </Row>
   <Row ss:AutoFitHeight="0">
    <Cell ss:Index="2" ss:StyleID="s67"/>
    <Cell ss:StyleID="s67"/>
   </Row>
   <Row ss:AutoFitHeight="0">
    <Cell ss:Index="2" ss:StyleID="s67"/>
    <Cell ss:StyleID="s67"/>
   </Row>
   <Row ss:AutoFitHeight="0">
    <Cell ss:Index="2" ss:StyleID="s67"/>
    <Cell ss:StyleID="s23"/>
   </Row>
   <Row ss:AutoFitHeight="0">
    <Cell ss:Index="2" ss:StyleID="s67"/>
    <Cell ss:StyleID="s67"/>
   </Row>
   <Row ss:AutoFitHeight="0">
    <Cell ss:Index="2" ss:StyleID="s67"/>
    <Cell ss:StyleID="s67"/>
   </Row>
   <Row ss:AutoFitHeight="0">
    <Cell ss:Index="2" ss:StyleID="s67"/>
    <Cell ss:StyleID="s67"/>
   </Row>
   <Row ss:AutoFitHeight="0">
    <Cell ss:Index="2" ss:StyleID="s67"/>
    <Cell ss:StyleID="s67"/>
   </Row>
   <Row ss:AutoFitHeight="0">
    <Cell ss:Index="2" ss:StyleID="s67"/>
    <Cell ss:StyleID="s67"/>
   </Row>
   <Row ss:AutoFitHeight="0">
    <Cell ss:Index="2" ss:StyleID="s67"/>
    <Cell ss:StyleID="s23"/>
   </Row>
   <Row ss:AutoFitHeight="0" ss:Span="3"/>
   <Row ss:Index="195" ss:AutoFitHeight="0">
    <Cell ss:Index="3" ss:StyleID="s23"/>
   </Row>
   <Row ss:AutoFitHeight="0" ss:Span="4"/>
   <Row ss:Index="201" ss:AutoFitHeight="0">
    <Cell ss:Index="2" ss:StyleID="s67"/>
    <Cell ss:StyleID="s67"/>
   </Row>
   <Row ss:AutoFitHeight="0">
    <Cell ss:Index="2" ss:StyleID="s67"/>
    <Cell ss:StyleID="s67"/>
   </Row>
   <Row ss:AutoFitHeight="0">
    <Cell ss:Index="2" ss:StyleID="s67"/>
    <Cell ss:StyleID="s67"/>
   </Row>
   <Row ss:AutoFitHeight="0" ss:Span="1"/>
   <Row ss:Index="206" ss:AutoFitHeight="0">
    <Cell ss:Index="3" ss:StyleID="s67"/>
   </Row>
   <Row ss:AutoFitHeight="0" ss:Span="1"/>
   <Row ss:Index="209" ss:AutoFitHeight="0">
    <Cell ss:Index="3" ss:StyleID="s67"/>
   </Row>
   <Row ss:AutoFitHeight="0" ss:Span="3"/>
   <Row ss:Index="214" ss:AutoFitHeight="0">
    <Cell ss:Index="3" ss:StyleID="s67"/>
   </Row>
   <Row ss:AutoFitHeight="0">
    <Cell ss:Index="2" ss:StyleID="s67"/>
    <Cell ss:StyleID="s67"/>
   </Row>
   <Row ss:AutoFitHeight="0">
    <Cell ss:Index="2" ss:StyleID="s67"/>
    <Cell ss:StyleID="s67"/>
   </Row>
   <Row ss:AutoFitHeight="0">
    <Cell ss:Index="2" ss:StyleID="s67"/>
    <Cell ss:StyleID="s67"/>
   </Row>
   <Row ss:AutoFitHeight="0">
    <Cell ss:Index="2" ss:StyleID="s67"/>
    <Cell ss:StyleID="s23"/>
   </Row>
   <Row ss:AutoFitHeight="0">
    <Cell ss:Index="2" ss:StyleID="s67"/>
    <Cell ss:StyleID="s23"/>
   </Row>
   <Row ss:AutoFitHeight="0" ss:Span="1"/>
   <Row ss:Index="222" ss:AutoFitHeight="0">
    <Cell ss:Index="2" ss:StyleID="s67"/>
    <Cell ss:StyleID="s67"/>
   </Row>
   <Row ss:AutoFitHeight="0">
    <Cell ss:Index="2" ss:StyleID="s67"/>
   </Row>
   <Row ss:AutoFitHeight="0">
    <Cell ss:Index="2" ss:StyleID="s67"/>
   </Row>
   <Row ss:AutoFitHeight="0" ss:Span="18"/>
   <Row ss:Index="244" ss:AutoFitHeight="0">
    <Cell ss:Index="2" ss:StyleID="s67"/>
   </Row>
   <Row ss:AutoFitHeight="0" ss:Span="12"/>
   <Row ss:Index="258" ss:AutoFitHeight="0">
    <Cell ss:Index="2" ss:StyleID="s67"/>
    <Cell ss:StyleID="s67"/>
   </Row>
   <Row ss:AutoFitHeight="0">
    <Cell ss:Index="2" ss:StyleID="s67"/>
    <Cell ss:StyleID="s67"/>
   </Row>
   <Row ss:AutoFitHeight="0">
    <Cell ss:Index="2" ss:StyleID="s67"/>
    <Cell ss:StyleID="s67"/>
   </Row>
  </Table>
  <WorksheetOptions xmlns="urn:schemas-microsoft-com:office:excel">
   <PageSetup>
    <Header x:Margin="0.4921259845"/>
    <Footer x:Margin="0.4921259845"/>
    <PageMargins x:Bottom="0.984251969" x:Left="0.78740157499999996"
     x:Right="0.78740157499999996" x:Top="0.984251969"/>
   </PageSetup>
   <Unsynced/>
   <Print>
    <ValidPrinterInfo/>
    <PaperSizeIndex>9</PaperSizeIndex>
    <HorizontalResolution>300</HorizontalResolution>
    <VerticalResolution>300</VerticalResolution>
   </Print>
   <Selected/>
   <SplitHorizontal>510</SplitHorizontal>
   <TopRowBottomPane>0</TopRowBottomPane>
   <ActivePane>2</ActivePane>
   <Panes>
    <Pane>
     <Number>3</Number>
     <ActiveCol>1</ActiveCol>
     <RangeSelection>C2</RangeSelection>
    </Pane>
    <Pane>
     <Number>2</Number>
     <ActiveRow>10</ActiveRow>
     <ActiveCol>4</ActiveCol>
    </Pane>
   </Panes>
   <ProtectObjects>False</ProtectObjects>
   <ProtectScenarios>False</ProtectScenarios>
  </WorksheetOptions>
  <Sorting xmlns="urn:schemas-microsoft-com:office:excel">
   <Sort>Wurfsterne_Flight</Sort>
  </Sorting>
 </Worksheet>
</Workbook>
