<?xml version="1.0" encoding="UTF-8" ?>
<Nebula3 xmlns:xsi="http://www.w3.org/2001/XMLSchema-instance">
    <Window title="Window" xAlign="CenterX" yAlign="CenterY" texture="local/mainmenu" fadeIn="0.500000" fadeOut="0.500000">
        <Canvas id="Canvas" rect="0.154979,0.162813,0.417479,0.744357" defaultUV="0.000000,0.000000,0.000000,0.000000" texture="local/mainmenu">
            <Button id="ContinueGame" event="ContinueGame" rect="0.154979,0.162813,0.417479,0.242842" defaultUV="0.000000,0.000000,0.333008,0.142578" texture="local/mainmenu" mouseOverUV="0.333008,0.000000,0.666016,0.142578" pressedUV="0.000000,0.000000,0.333008,0.142578" disabledUV="0.000000,0.000000,0.333008,0.142578" pressedTexture="local/mainmenu" disabledTexture="local/mainmenu" mouseOverTexture="local/mainmenu" />
            <Button id="NewGame" event="NewGame" rect="0.154979,0.246146,0.417479,0.326176" defaultUV="0.000000,0.142578,0.333008,0.285156" texture="local/mainmenu" mouseOverUV="0.333008,0.142578,0.666016,0.285156" pressedUV="0.000000,0.142578,0.333008,0.285156" disabledUV="0.000000,0.142578,0.333008,0.285156" pressedTexture="local/mainmenu" disabledTexture="local/mainmenu" mouseOverTexture="local/mainmenu" />
            <Button id="LoadGame" event="LoadGame" rect="0.154979,0.329479,0.417479,0.409509" defaultUV="0.000000,0.285156,0.333008,0.427734" texture="local/mainmenu" mouseOverUV="0.333008,0.285156,0.666016,0.427734" pressedUV="0.000000,0.285156,0.333008,0.427734" disabledUV="0.000000,0.285156,0.333008,0.427734" pressedTexture="local/mainmenu" disabledTexture="local/mainmenu" mouseOverTexture="local/mainmenu" />
            <Button id="Options" event="Options" rect="0.154979,0.412813,0.417479,0.492842" defaultUV="0.000000,0.427734,0.333008,0.570313" texture="local/mainmenu" mouseOverUV="0.333008,0.427734,0.666016,0.570313" pressedUV="0.000000,0.427734,0.333008,0.570313" disabledUV="0.000000,0.427734,0.333008,0.570313" pressedTexture="local/mainmenu" disabledTexture="local/mainmenu" mouseOverTexture="local/mainmenu" />
            <Button id="Extras" event="Extras" rect="0.154979,0.496987,0.417479,0.577017" defaultUV="0.000000,0.855347,0.333008,0.997925" texture="local/mainmenu" mouseOverUV="0.333008,0.855347,0.666016,0.997925" pressedUV="0.000000,0.855347,0.333008,0.997925" disabledUV="0.000000,0.855347,0.333008,0.997925" pressedTexture="local/mainmenu" disabledTexture="local/mainmenu" mouseOverTexture="local/mainmenu" />
            <Button id="Credits" event="Credits" rect="0.154979,0.580321,0.417479,0.660351" defaultUV="0.000000,0.570313,0.333008,0.712891" texture="local/mainmenu" mouseOverUV="0.333008,0.570313,0.666016,0.712891" pressedUV="0.000000,0.570313,0.333008,0.712891" disabledUV="0.000000,0.570313,0.333008,0.712891" pressedTexture="local/mainmenu" disabledTexture="local/mainmenu" mouseOverTexture="local/mainmenu" />
            <Button id="Quit" event="Quit" rect="0.154979,0.664327,0.417479,0.744357" defaultUV="0.000000,0.712891,0.333008,0.855469" texture="local/mainmenu" mouseOverUV="0.333008,0.712891,0.666016,0.855469" pressedUV="0.000000,0.712891,0.333008,0.855469" disabledUV="0.000000,0.712891,0.333008,0.855469" pressedTexture="local/mainmenu" disabledTexture="local/mainmenu" mouseOverTexture="local/mainmenu" />
        </Canvas>
    </Window>
</Nebula3>
